{
  "type": "FeatureCollection",
  "features": [
    {
      "type": "Feature",
      "properties": {
        "icao": "CYQX",
        "name": "Gander Intl",
        "aircraft": "B789",
        "timestamp": "2026-07-25T00:00:00Z"
      },
      "geometry": {
        "type": "Polygon",
        "coordinates": [
          [
            [
              -54.568100000000015,
              70.22254611939579
            ],
            [
              -49.180159052722956,
              70.19340863209995
            ],
            [
              -43.90053958011174,
              69.855949448336
            ],
            [
              -38.943517559443876,
              69.22213574453964
            ],
            [
              -34.47198058435316,
              68.31684123215699
            ],
            [
              -30.582586058120455,
              67.1731672129272
            ],
            [
              -27.310305056399784,
              65.82758831485425
            ],
            [
              -24.644051892380617,
              64.31620322698352
            ],
            [
              -22.544443847313232,
              62.67248220291716
            ],
            [
              -20.958415945620686,
              60.926286239115576
            ],
            [
              -19.82915498264356,
              59.10372297939192
            ],
            [
              -19.101900420597758,
              57.22744782235735
            ],
            [
              -18.726806965437163,
              55.31714373835935
            ],
            [
              -18.65998130836067,
              53.390028318492504
            ],
            [
              -18.863501240907112,
              51.46131525845548
            ],
            [
              -19.30493206860092,
              49.54460313916239
            ],
            [
              -19.956640294338627,
              47.65218767107003
            ],
            [
              -20.795066226811173,
              45.795303857620254
            ],
            [
              -21.800035061954645,
              43.984308011883975
            ],
            [
              -22.95414017250664,
              42.22880983514978
            ],
            [
              -24.24220829832211,
              40.53776375304522
            ],
            [
              -25.650844689307633,
              38.91952734552777
            ],
            [
              -27.1680513636245,
              37.38189342142022
            ],
            [
              -28.78291024148274,
              35.93210123143475
            ],
            [
              -30.485323171036043,
              34.57683151426932
            ],
            [
              -32.26580178174066,
              33.32218949969546
            ],
            [
              -34.11530115738594,
              32.173679598848786
            ],
            [
              -36.025092254574986,
              31.13617523658427
            ],
            [
              -37.98666868899193,
              30.213887066210418
            ],
            [
              -39.99168394190565,
              29.410332601074575
            ],
            [
              -42.03191522360504,
              28.728310056886563
            ],
            [
              -44.09925021997685,
              28.169878891230727
            ],
            [
              -46.18569281222642,
              27.736349133867392
            ],
            [
              -48.28338367451585,
              27.42828111948591
            ],
            [
              -50.38463149498324,
              27.24549667472543
            ],
            [
              -52.48195049644721,
              27.187102197891182
            ],
            [
              -54.568100000000015,
              27.251523437047513
            ],
            [
              -56.63612200003706,
              27.436551159393577
            ],
            [
              -58.679373100095745,
              27.739396351156678
            ],
            [
              -60.69154766871861,
              28.156753126475817
            ],
            [
              -62.666689668625,
              28.68486718023386
            ],
            [
              -64.59919123499981,
              29.319607405895418
            ],
            [
              -66.48377667104353,
              30.056538214866137
            ],
            [
              -68.31547103682328,
              30.89099012694901
            ],
            [
              -70.08955288645222,
              31.81812633129501
            ],
            [
              -71.8014909267091,
              32.83300311703919
            ],
            [
              -73.44686440807715,
              33.93062231301519
            ],
            [
              -75.02126690816988,
              35.10597412690988
            ],
            [
              -76.52019282636405,
              36.35406900807434
            ],
            [
              -77.93890537971492,
              37.66995734966545
            ],
            [
              -79.27228417733318,
              39.04873597202406
            ],
            [
              -80.51464955667183,
              40.48554036883681
            ],
            [
              -81.65955979599187,
              41.97552162919044
            ],
            [
              -82.6995760877752,
              43.51380674857097
            ],
            [
              -83.6259888096979,
              45.09544068269963
            ],
            [
              -84.42849726385975,
              46.71530794709212
            ],
            [
              -85.09483389177115,
              48.36803078471803
            ],
            [
              -85.61032346101968,
              50.04783987560475
            ],
            [
              -85.95736872925988,
              51.7484122183279
            ],
            [
              -86.11485824522822,
              53.46266918625125
            ],
            [
              -86.05750217798402,
              55.18252596360726
            ],
            [
              -85.75512350147255,
              56.898581933441726
            ],
            [
              -85.17197309527268,
              58.599740914350946
            ],
            [
              -84.26621188341056,
              60.27275210072343
            ],
            [
              -82.98983011156344,
              61.90167040647452
            ],
            [
              -81.28947440552054,
              63.4672544497298
            ],
            [
              -79.10893483082947,
              64.94636083726924
            ],
            [
              -76.39435715803614,
              66.31146641019583
            ],
            [
              -73.10339478225956,
              67.53056322995262
            ],
            [
              -69.21904498373374,
              68.56780825071846
            ],
            [
              -64.76712772719304,
              69.38539554285634
            ],
            [
              -59.83286780437879,
              69.94699137842383
            ],
            [
              -54.568100000000015,
              70.22254611939579
            ]
          ]
        ]
      }
    },
    {
      "type": "Feature",
      "properties": {
        "icao": "CYQX",
        "name": "Gander Intl",
        "aircraft": "B789",
        "timestamp": "2026-07-25T06:00:00Z"
      },
      "geometry": {
        "type": "Polygon",
        "coordinates": [
          [
            [
              -54.568100000000015,
              70.30249220810714
            ],
            [
              -49.13306938858898,
              70.28606372121973
            ],
            [
              -43.7967770253785,
              69.95722287391224
            ],
            [
              -38.780747569665664,
              69.32729093598691
            ],
            [
              -34.25452881896342,
              68.42111074467589
            ],
            [
              -30.319314713536926,
              67.27223911764473
            ],
            [
              -27.01214723170176,
              65.91788206048784
            ],
            [
              -24.322065712176254,
              64.39495633935076
            ],
            [
              -22.208654824028486,
              62.73771611049628
            ],
            [
              -20.61732469336357,
              60.976716646133376
            ],
            [
              -19.48966773959137,
              59.1386575234352
            ],
            [
              -18.7694726968424,
              57.246692056852496
            ],
            [
              -18.40566463442508,
              55.32092248088019
            ],
            [
              -18.353346601379144,
              53.37892233469295
            ],
            [
              -18.573791717054746,
              51.43621049677
            ],
            [
              -19.033922776472195,
              49.506649151965256
            ],
            [
              -19.7055898277672,
              47.60276217813968
            ],
            [
              -20.564811498574613,
              45.73598099487983
            ],
            [
              -21.59106064109551,
              43.91682839674297
            ],
            [
              -22.766627728859135,
              42.15505108325458
            ],
            [
              -24.07607095124638,
              40.45971049059131
            ],
            [
              -25.50575026007516,
              38.83924009419876
            ],
            [
              -27.043437831700544,
              37.30147601228029
            ],
            [
              -28.677996138820788,
              35.8536666490051
            ],
            [
              -30.399115201062557,
              34.50246629565336
            ],
            [
              -32.197101589218676,
              33.253917022526494
            ],
            [
              -34.06271286751871,
              32.11342278662968
            ],
            [
              -35.98703211463544,
              31.085719386381733
            ],
            [
              -37.96137786111751,
              30.174843653774516
            ],
            [
              -39.977245198297965,
              29.384105032375803
            ],
            [
              -42.0262739816103,
              28.71606240263842
            ],
            [
              -44.10024002990076,
              28.172508653612546
            ],
            [
              -46.19106508839354,
              27.75446504707667
            ],
            [
              -48.29084115837168,
              27.462186877212382
            ],
            [
              -50.391864678321554,
              27.2951813127044
            ],
            [
              -52.48667603202216,
              27.25223764808844
            ],
            [
              -54.568100000000015,
              27.33146952575886
            ],
            [
              -56.62928307716544,
              27.53036806132952
            ],
            [
              -58.66372404004005,
              27.84586425291261
            ],
            [
              -60.66529472735533,
              28.27439861191229
            ],
            [
              -62.628248646825114,
              28.811995640547863
            ],
            [
              -64.54721567903073,
              29.4543406078532
            ],
            [
              -66.41718175707615,
              30.196856036648033
            ],
            [
              -68.23345290553675,
              31.034775393001155
            ],
            [
              -69.99160338355529,
              31.963211642785417
            ],
            [
              -71.68740786762913,
              32.97721857799375
            ],
            [
              -73.3167576153387,
              34.07184308788602
            ],
            [
              -74.87556036758497,
              35.24216682706107
            ],
            [
              -76.35962337549904,
              36.48333598701473
            ],
            [
              -77.76451838285436,
              37.79057808547543
            ],
            [
              -79.08542665840355,
              39.15920482715402
            ],
            [
              -80.31696125590486,
              40.58460014009782
            ],
            [
              -81.45296258354153,
              42.062192432630575
            ],
            [
              -82.48626209714399,
              43.58740992327012
            ],
            [
              -83.40840752459201,
              45.15561754173873
            ],
            [
              -84.2093415680161,
              46.762033348742435
            ],
            [
              -84.87702471436126,
              48.401621634947844
            ],
            [
              -85.39699202952119,
              50.068958792136634
            ],
            [
              -85.75183443759744,
              51.75806666657589
            ],
            [
              -85.92059854832428,
              53.462206405345036
            ],
            [
              -85.8781084332715,
              55.173623881774986
            ],
            [
              -85.59423289024869,
              56.8832359372437
            ],
            [
              -85.03316121250509,
              58.5802456439283
            ],
            [
              -84.15282297290833,
              60.251676178968545
            ],
            [
              -82.9047126737729,
              61.88181988119387
            ],
            [
              -81.23458158159275,
              63.451617420765835
            ],
            [
              -79.0847489986931,
              64.93802115590123
            ],
            [
              -76.39912287449039,
              66.31346921815296
            ],
            [
              -73.13222097026255,
              67.5457122792955
            ],
            [
              -69.26309397341947,
              68.59838091296326
            ],
            [
              -64.81333003396355,
              69.43278612978527
            ],
            [
              -59.86474927836815,
              70.01134313585058
            ],
            [
              -54.568100000000015,
              70.30249220810714
            ]
          ]
        ]
      }
    },
    {
      "type": "Feature",
      "properties": {
        "icao": "CYQX",
        "name": "Gander Intl",
        "aircraft": "B789",
        "timestamp": "2026-07-25T12:00:00Z"
      },
      "geometry": {
        "type": "Polygon",
        "coordinates": [
          [
            [
              -54.568100000000015,
              70.40742144954076
            ],
            [
              -49.07112808155773,
              70.40666240471381
            ],
            [
              -43.66102685703953,
              70.08816082967118
            ],
            [
              -38.568827201990246,
              69.46245682013979
            ],
            [
              -33.97271583749148,
              68.55441388510027
            ],
            [
              -29.97964257043401,
              67.39823380185818
            ],
            [
              -26.629122249292436,
              66.03210891975701
            ],
            [
              -23.91012921229958,
              64.49403444131717
            ],
            [
              -21.78072082043252,
              62.819280221015255
            ],
            [
              -20.184201438466744,
              61.039287490731105
            ],
            [
              -19.060024745802593,
              59.18150074614154
            ],
            [
              -18.35007086573671,
              57.26969209084259
            ],
            [
              -18.00167222014909,
              55.32447913204815
            ],
            [
              -17.968649618033055,
              53.363868948938006
            ],
            [
              -18.21126091064434,
              51.403749355883996
            ],
            [
              -18.69562749910631,
              49.45829928125562
            ],
            [
              -19.392961921117944,
              47.540315362305016
            ],
            [
              -20.27876689403581,
              45.661462681090136
            ],
            [
              -21.332087157817796,
              43.83246099506951
            ],
            [
              -22.53484678866471,
              42.06321786339561
            ],
            [
              -23.871279726594025,
              40.3629188223007
            ],
            [
              -25.32744959428362,
              38.74008321856519
            ],
            [
              -26.890850279685424,
              37.202592896485626
            ],
            [
              -28.550077693647722,
              35.7576997959772
            ],
            [
              -30.294563663139684,
              34.41201767020403
            ],
            [
              -32.11436405061187,
              33.17150252590357
            ],
            [
              -33.999994373915115,
              32.04142596257017
            ],
            [
              -35.942307190392114,
              31.026345267874486
            ],
            [
              -37.93240620868835,
              30.13007385038079
            ],
            [
              -39.96159249513079,
              29.35565530025973
            ],
            [
              -42.021338291370796,
              28.70534402056585
            ],
            [
              -44.10328392854848,
              28.18059493762454
            ],
            [
              -46.199253196776226,
              27.782064268428446
            ],
            [
              -48.301282395277326,
              27.50962270269869
            ],
            [
              -50.401658226812344,
              27.362381670675138
            ],
            [
              -52.49295977007944,
              27.33873265074122
            ],
            [
              -54.568100000000015,
              27.43639876719249
            ],
            [
              -56.620362733952106,
              27.65249728278324
            ],
            [
              -58.64343144034581,
              27.983611043397822
            ],
            [
              -60.631407010419366,
              28.425866513763527
            ],
            [
              -62.578812306502414,
              28.975015770905294
            ],
            [
              -64.48058199697505,
              29.626519699133624
            ],
            [
              -66.33203681017471,
              30.37562964656391
            ],
            [
              -68.12884183724839,
              31.217464937618406
            ],
            [
              -69.86694885204815,
              32.14708386067926
            ],
            [
              -71.54252277379754,
              33.159546033662764
            ],
            [
              -73.1518523670851,
              34.24996436124139
            ],
            [
              -74.69124505418972,
              35.41354510635464
            ],
            [
              -76.15690531142769,
              36.64561487942409
            ],
            [
              -77.5447955386885,
              37.94163357855501
            ],
            [
              -78.85047753096518,
              39.29719247262533
            ],
            [
              -80.06893173952261,
              40.70799668700768
            ],
            [
              -81.19435038309496,
              42.16983130799427
            ],
            [
              -82.21989915540723,
              43.678510142599144
            ],
            [
              -83.13744079321202,
              45.229805825508755
            ],
            [
              -83.93721218669407,
              46.81935941750496
            ],
            [
              -84.60744520310374,
              48.44256684506198
            ],
            [
              -85.13392033075803,
              50.09443843945648
            ],
            [
              -85.49944239563791,
              51.76942640055227
            ],
            [
              -85.68323042463322,
              53.46121321864466
            ],
            [
              -85.66022195484902,
              55.162452002317494
            ],
            [
              -85.40031061427385,
              56.864447539913165
            ],
            [
              -84.86757308592706,
              58.55676544237408
            ],
            [
              -84.01961146111915,
              60.22675738695755
            ],
            [
              -82.80726020442665,
              61.85899637980565
            ],
            [
              -81.1751093801031,
              63.43463282757957
            ],
            [
              -79.06359580082568,
              64.93071970597913
            ],
            [
              -76.41378186596853,
              66.31962679342334
            ],
            [
              -73.17620866577397,
              67.56878202154556
            ],
            [
              -69.32492317816747,
              68.64113480297488
            ],
            [
              -64.87614595506614,
              69.49686466379376
            ],
            [
              -59.90739117424914,
              70.0967888233727
            ],
            [
              -54.568100000000015,
              70.40742144954076
            ]
          ]
        ]
      }
    },
    {
      "type": "Feature",
      "properties": {
        "icao": "CYQX",
        "name": "Gander Intl",
        "aircraft": "B789",
        "timestamp": "2026-07-25T18:00:00Z"
      },
      "geometry": {
        "type": "Polygon",
        "coordinates": [
          [
            [
              -54.568100000000015,
              70.5123506909744
            ],
            [
              -49.0080011995463,
              70.528097709746
            ],
            [
              -43.52182519715751,
              70.22062824957085
            ],
            [
              -38.35060492452584,
              69.59961991147378
            ],
            [
              -33.68173714794273,
              68.6899263007908
            ],
            [
              -29.628350350402854,
              67.52640989064288
            ],
            [
              -26.232625689462793,
              66.14829177105675
            ],
            [
              -23.483481004320424,
              64.59469487300147
            ],
            [
              -21.337356098802275,
              62.901948939316505
            ],
            [
              -19.73533028385191,
              61.10241596004305
            ],
            [
              -18.614608423798018,
              59.22431102611066
            ],
            [
              -17.915075327054524,
              57.29204361943514
            ],
            [
              -17.582408568556616,
              55.32676046954419
            ],
            [
              -17.56910494952274,
              53.346912963750206
            ],
            [
              -17.834380510291908,
              51.368766987909275
            ],
            [
              -18.34353926254164,
              49.406826620010555
            ],
            [
              -19.067147094055713,
              47.47416949332495
            ],
            [
              -19.98018578758149,
              45.58270272703004
            ],
            [
              -21.061269086048924,
              43.7433516760474
            ],
            [
              -22.291952519937695,
              41.96619363630903
            ],
            [
              -23.656143381826382,
              40.26054723958445
            ],
            [
              -25.139605636945817,
              38.63502661059659
            ],
            [
              -26.72955017648485,
              37.09756786734821
            ],
            [
              -28.41429999389686,
              35.65543435990256
            ],
            [
              -30.18302060585438,
              34.31520616530385
            ],
            [
              -32.02550730372087,
              33.08275873203538
            ],
            [
              -33.932022084280334,
              31.96323512169676
            ],
            [
              -35.893174131297485,
              30.96101595135598
            ],
            [
              -37.8998384208756,
              30.07969082662468
            ],
            [
              -39.943107410484174,
              29.32203471391208
            ],
            [
              -42.01427090132694,
              28.689992286967986
            ],
            [
              -44.104819121385276,
              28.184672772387017
            ],
            [
              -46.20646395834291,
              27.80635720556113
            ],
            [
              -48.31117317181452,
              27.554519306331038
            ],
            [
              -50.411212412981115,
              27.427860422822512
            ],
            [
              -52.49919003337902,
              27.424358215365075
            ],
            [
              -54.568100000000015,
              27.541328008626138
            ],
            [
              -56.61135874654093,
              27.775495076833526
            ],
            [
              -58.62283244793184,
              28.123075584477704
            ],
            [
              -60.59685195349613,
              28.57986351112183
            ],
            [
              -62.52821338822099,
              29.141320656810052
            ],
            [
              -64.41216316534303,
              29.802666751680608
            ],
            [
              -66.24436678797247,
              30.55896676404262
            ],
            [
              -68.02086130738644,
              31.405212689746275
            ],
            [
              -69.73799162143575,
              32.33639738075405
            ],
            [
              -71.39233092396523,
              33.34757829914452
            ],
            [
              -72.98058555289288,
              34.43392943236963
            ],
            [
              -74.49948423552058,
              35.59077994770059
            ],
            [
              -75.94565130174749,
              36.81363847361886
            ],
            [
              -77.31546283375042,
              38.098202152096896
            ],
            [
              -78.60488394351461,
              39.44034978906082
            ],
            [
              -79.80928440993574,
              40.83611852184914
            ],
            [
              -80.92322875315756,
              42.2816634011844
            ],
            [
              -81.94023546541558,
              43.7731991257527
            ],
            [
              -82.85249856114746,
              45.306922838148
            ],
            [
              -83.65056290434825,
              46.87891635166826
            ],
            [
              -84.32294306332699,
              48.48502537936631
            ],
            [
              -84.85567406840994,
              50.120712224100046
            ],
            [
              -85.23178210852541,
              51.78087690645607
            ],
            [
              -85.4306652781687,
              53.4596398240858
            ],
            [
              -85.42738158286227,
              55.15007679051686
            ],
            [
              -85.19185828143463,
              56.84389491049479
            ],
            [
              -84.68807163614093,
              58.53103582121602
            ],
            [
              -83.87331320281277,
              60.1991927789375
            ],
            [
              -82.69777941063705,
              61.8332328580083
            ],
            [
              -81.1049236926869,
              63.414530833097764
            ],
            [
              -79.03331916768195,
              64.92025697418238
            ],
            [
              -76.42117702495966,
              66.32273149504812
            ],
            [
              -73.21499848617725,
              67.58907855385567
            ],
            [
              -69.38366131189014,
              68.68157981644234
            ],
            [
              -64.93771562513768,
              69.55928033581223
            ],
            [
              -59.94995197529869,
              70.18136580613898
            ],
            [
              -54.568100000000015,
              70.5123506909744
            ]
          ]
        ]
      }
    },
    {
      "type": "Feature",
      "properties": {
        "icao": "CYQX",
        "name": "Gander Intl",
        "aircraft": "B789",
        "timestamp": "2026-07-26T00:00:00Z"
      },
      "geometry": {
        "type": "Polygon",
        "coordinates": [
          [
            [
              -54.568100000000015,
              70.60229004077466
            ],
            [
              -48.953481343199996,
              70.63179985387197
            ],
            [
              -43.401826603657355,
              70.33338532922407
            ],
            [
              -38.16287912156213,
              69.71600354330295
            ],
            [
              -33.432026451748925,
              68.80452945711761
            ],
            [
              -29.327683549062726,
              67.63442567835888
            ],
            [
              -25.89421199189985,
              66.24582288000373
            ],
            [
              -23.120336662616864,
              64.67882627665986
            ],
            [
              -20.96097834465536,
              62.970676989563245
            ],
            [
              -19.35521390155759,
              61.15451916451426
            ],
            [
              -18.2382656651223,
              59.259215021128355
            ],
            [
              -17.548285556978385,
              57.30970376491664
            ],
            [
              -17.229532084673565,
              55.327567988965185
            ],
            [
              -17.233379677939638,
              53.33162249577647
            ],
            [
              -17.51817066440185,
              51.33844079920891
            ],
            [
              -18.04853040716307,
              49.36279060950236
            ],
            [
              -18.79449278951131,
              47.417976886299506
            ],
            [
              -19.730614333173776,
              45.51610228558383
            ],
            [
              -20.835158963960453,
              43.66825807450381
            ],
            [
              -22.089384039250945,
              41.884658307601384
            ],
            [
              -23.47693268155615,
              40.1747285094707
            ],
            [
              -24.983325997505517,
              38.54715834013546
            ],
            [
              -26.595544615650283,
              37.009926157482525
            ],
            [
              -28.30168837826767,
              35.570302163331924
            ],
            [
              -30.09070394370707,
              34.234835917758765
            ],
            [
              -31.952171443244993,
              33.009333365712685
            ],
            [
              -33.87614267084018,
              31.898828058077587
            ],
            [
              -35.853024337475006,
              30.90755088275671
            ],
            [
              -37.87350062519437,
              30.038902275261517
            ],
            [
              -39.92848964965725,
              29.29543049163205
            ],
            [
              -42.00912855408933,
              28.67881905614351
            ],
            [
              -44.106781908092785,
              28.1898859195043
            ],
            [
              -46.21306797660941,
              27.82859617911185
            ],
            [
              -48.31989735637126,
              27.59408944100029
            ],
            [
              -50.4195185300058,
              27.484722080169853
            ],
            [
              -52.50456511442877,
              27.498123830332332
            ],
            [
              -54.568100000000015,
              27.631267358426406
            ],
            [
              -56.60365217666566,
              27.880548803108635
            ],
            [
              -58.605242781118534,
              28.241876719616762
            ],
            [
              -60.56739771352187,
              28.710766501317423
            ],
            [
              -62.48514499355679,
              29.282437149778435
            ],
            [
              -64.35399578552199,
              29.951907233304254
            ],
            [
              -66.16990866366075,
              30.71408698832998
            ],
            [
              -67.92923717038337,
              31.563863749608952
            ],
            [
              -69.6286610174933,
              32.496178209920714
            ],
            [
              -71.26510138520155,
              33.50608937371501
            ],
            [
              -72.83562068806611,
              34.58882644978104
            ],
            [
              -74.33730690911653,
              35.739826297818915
            ],
            [
              -75.76714216162111,
              36.9547553791081
            ],
            [
              -77.12185452611129,
              38.229515442140695
            ],
            [
              -78.39775142489236,
              39.56023238165645
            ],
            [
              -79.59053182559188,
              40.94322782509293
            ],
            [
              -80.69507339140227,
              42.3749730023973
            ],
            [
              -81.70518930080141,
              43.8520243167166
            ],
            [
              -82.61334783949104,
              45.37093972076434
            ],
            [
              -83.41034605747342,
              46.928174473783635
            ],
            [
              -84.0849269086562,
              48.51995405436477
            ],
            [
              -84.62332765341864,
              50.14212087399779
            ],
            [
              -85.0087465593515,
              51.78994991279432
            ],
            [
              -85.22071638979736,
              53.45792643765241
            ],
            [
              -85.2343793285387,
              55.13947658296138
            ],
            [
              -85.0196734802891,
              56.82663895705753
            ],
            [
              -84.54047415466965,
              58.50966313787145
            ],
            [
              -83.75379778754586,
              60.17652027163595
            ],
            [
              -82.60929465189872,
              61.8123148476769
            ],
            [
              -81.04945875002556,
              63.39860069846771
            ],
            [
              -79.01129867260909,
              64.91263833294938
            ],
            [
              -76.43063378181608,
              66.3267000860553
            ],
            [
              -73.25056761953891,
              67.60765116380585
            ],
            [
              -69.43560801317761,
              68.71721004865677
            ],
            [
              -64.99147581838872,
              69.6134648618423
            ],
            [
              -59.986898345151985,
              70.25422014997952
            ],
            [
              -54.568100000000015,
              70.60229004077466
            ]
          ]
        ]
      }
    },
    {
      "type": "Feature",
      "properties": {
        "icao": "BIKF",
        "name": "Keflavik",
        "aircraft": "B789",
        "timestamp": "2026-07-25T00:00:00Z"
      },
      "geometry": {
        "type": "Polygon",
        "coordinates": [
          [
            [
              -22.60559999999998,
              85.37557536082946
            ],
            [
              -0.2639467913958242,
              85.15651498580935
            ],
            [
              16.957091220115217,
              84.18258140288091
            ],
            [
              27.62567907275536,
              82.74109495098767
            ],
            [
              33.74481339904321,
              81.0503328028529
            ],
            [
              37.104201112937744,
              79.22636984606766
            ],
            [
              38.775637560085556,
              77.32921731010973
            ],
            [
              39.367467944454916,
              75.39257422822645
            ],
            [
              39.23392158832439,
              73.43759481291943
            ],
            [
              38.590352489119255,
              71.4791157986479
            ],
            [
              37.57354549418574,
              69.52860217801194
            ],
            [
              36.273928365692086,
              67.59561956195178
            ],
            [
              34.75345174999495,
              65.68860659556582
            ],
            [
              33.05593173154716,
              63.81529453469822
            ],
            [
              31.213272407897193,
              61.982938675102616
            ],
            [
              29.2493471763122,
              60.19844409003819
            ],
            [
              27.182499865730847,
              58.46842905697032
            ],
            [
              25.027204308450223,
              56.79925007217196
            ],
            [
              22.79519450060502,
              55.197002226787546
            ],
            [
              20.496251859810968,
              53.66750327651918
            ],
            [
              18.13876409732586,
              52.216266743095694
            ],
            [
              15.730127746256926,
              50.84846771942097
            ],
            [
              13.277040664397646,
              49.56890412585005
            ],
            [
              10.785714900043445,
              48.38195566142201
            ],
            [
              8.262030264114856,
              47.29154242626982
            ],
            [
              5.711642537015109,
              46.30108504755521
            ],
            [
              3.140056116451319,
              45.41346804932231
            ],
            [
              0.5526682670758873,
              44.6310081189777
            ],
            [
              -2.04520954903046,
              43.95542880805581
            ],
            [
              -4.64834883429296,
              43.3878430429289
            ],
            [
              -7.251615930958792,
              42.92874460267333
            ],
            [
              -9.849995230081163,
              42.57800944582688
            ],
            [
              -12.438620595642078,
              42.33490744248938
            ],
            [
              -15.012812085535757,
              42.198124706738014
            ],
            [
              -17.568115242033628,
              42.16579634477923
            ],
            [
              -20.100340436517286,
              42.23554905709346
            ],
            [
              -22.60559999999998,
              42.404552678481146
            ],
            [
              -25.080341151680273,
              42.66957942663306
            ],
            [
              -27.521373041721176,
              43.027069371951434
            ],
            [
              -29.925886534452786,
              43.47320044817874
            ],
            [
              -32.29146565435366,
              44.003961198976334
            ],
            [
              -34.616089879918434,
              44.61522439905481
            ],
            [
              -36.898126682873965,
              45.30281969494778
            ],
            [
              -39.136313858717074,
              46.06260347252018
            ],
            [
              -41.32973126906592,
              46.890524266948454
            ],
            [
              -43.47776160843745,
              47.782682177173996
            ],
            [
              -45.58003970837336,
              48.73538092232136
            ],
            [
              -47.636389686066195,
              49.74517137489838
            ],
            [
              -49.64674890856446,
              50.80888561823513
            ],
            [
              -51.61107723652515,
              51.9236607973679
            ],
            [
              -53.5292492671349,
              53.08695225662942
            ],
            [
              -55.40092620975548,
              54.296535674982294
            ],
            [
              -57.225402437625576,
              55.550498109826876
            ],
            [
              -59.00141941257215,
              56.84721802484848
            ],
            [
              -60.726936182798795,
              58.18533448326094
            ],
            [
              -62.39884037925947,
              59.563705699216705
            ],
            [
              -64.0125755652872,
              60.981357004183366
            ],
            [
              -65.56164823273502,
              62.43741791910258
            ],
            [
              -67.03695779478204,
              63.93104729215899
            ],
            [
              -68.42586053256667,
              65.46134413440541
            ],
            [
              -69.71082446931428,
              67.02723944494878
            ],
            [
              -70.86743958226054,
              68.62736018169407
            ],
            [
              -71.86138401843317,
              70.25984906983591
            ],
            [
              -72.64364737521902,
              71.92211001265383
            ],
            [
              -73.14274393582372,
              73.61042176741317
            ],
            [
              -73.2515313038893,
              75.31930720514114
            ],
            [
              -72.80397794913347,
              77.04042630585084
            ],
            [
              -71.53251336627346,
              78.76048989247309
            ],
            [
              -68.9870932925079,
              80.45704236286974
            ],
            [
              -64.38170923458375,
              82.08937452927682
            ],
            [
              -56.34087197367927,
              83.57829288368562
            ],
            [
              -42.7900508800908,
              84.76530483076787
            ],
            [
              -22.60559999999998,
              85.37557536082946
            ]
          ]
        ]
      }
    },
    {
      "type": "Feature",
      "properties": {
        "icao": "BIKF",
        "name": "Keflavik",
        "aircraft": "B789",
        "timestamp": "2026-07-25T06:00:00Z"
      },
      "geometry": {
        "type": "Polygon",
        "coordinates": [
          [
            [
              -22.60559999999998,
              85.48550123280748
            ],
            [
              0.43775494997589703,
              85.27011172626771
            ],
            [
              18.047511076184264,
              84.27702650000806
            ],
            [
              28.777855973196324,
              82.81013231477448
            ],
            [
              34.83549238616206,
              81.09510990436598
            ],
            [
              38.105319020838806,
              79.24909281955921
            ],
            [
              39.68803659881087,
              77.33173878868571
            ],
            [
              40.19887808308192,
              75.37634979195505
            ],
            [
              39.9926236719607,
              73.40384666867695
            ],
            [
              39.283587178797234,
              71.4289748318961
            ],
            [
              38.207301128974336,
              69.46320408206793
            ],
            [
              36.85309618564338,
              67.51616501626262
            ],
            [
              35.28204672732318,
              65.59639681840052
            ],
            [
              33.53729468846643,
              63.711750227309
            ],
            [
              31.65023595298976,
              61.86960749951408
            ],
            [
              29.644367478256413,
              60.0769999009572
            ],
            [
              27.537760757922797,
              58.34066490597874
            ],
            [
              25.344700132726985,
              56.667066264881285
            ],
            [
              23.076796856891292,
              55.062390267223286
            ],
            [
              20.743764101448164,
              53.5325262708936
            ],
            [
              18.35396629172635,
              52.08303669331833
            ],
            [
              15.914813949195036,
              50.71912007630263
            ],
            [
              13.433049704222753,
              49.44556996824261
            ],
            [
              10.914955393786954,
              48.26673190341894
            ],
            [
              8.366500254476023,
              47.18646051690821
            ],
            [
              5.793443919340575,
              46.20807870491294
            ],
            [
              3.2014038966721046,
              45.33434065308909
            ],
            [
              0.595894638107552,
              44.56740046268624
            ],
            [
              -2.0176563184071483,
              43.90878797515612
            ],
            [
              -4.633910651478914,
              43.359393211949396
            ],
            [
              -7.247636141113844,
              42.91946059977242
            ],
            [
              -9.853734652545427,
              42.5885938442946
            ],
            [
              -12.447277991964711,
              42.3657719569881
            ],
            [
              -15.023548613825142,
              42.24937654669482
            ],
            [
              -17.57808236622168,
              42.237230080161886
            ],
            [
              -20.106710695155357,
              42.32664441646354
            ],
            [
              -22.60559999999998,
              42.51447855045924
            ],
            [
              -25.071286137026846,
              42.797204178735534
            ],
            [
              -27.50070239166223,
              43.170977441650926
            ],
            [
              -29.89119956411247,
              43.63171500538034
            ],
            [
              -32.24055711650021,
              44.175172530835596
            ],
            [
              -34.54698459388493,
              44.797023529694286
            ],
            [
              -36.80911274144654,
              45.492936625482315
            ],
            [
              -39.02597388514306,
              46.2586493115097
            ],
            [
              -41.19697121655366,
              47.090036418490286
            ],
            [
              -43.32183661935176,
              47.98317166431951
            ],
            [
              -45.40057658842443,
              48.934380849267676
            ],
            [
              -47.43340561081692,
              49.94028547551904
            ],
            [
              -49.4206660771797,
              50.99783580513595
            ],
            [
              -51.36273333233174,
              52.1043326197399
            ],
            [
              -53.25990378671662,
              53.25743720193015
            ],
            [
              -55.11226299110757,
              54.45516931369466
            ],
            [
              -56.91952906169712,
              55.69589318789395
            ],
            [
              -58.68086458071684,
              56.978291756878754
            ],
            [
              -60.394646699096825,
              58.301329491370595
            ],
            [
              -62.05818001536636,
              59.664204275927624
            ],
            [
              -63.66732889916989,
              61.066288650957155
            ],
            [
              -65.21603360568474,
              62.50706042389613
            ],
            [
              -66.69565494790095,
              63.98602196328057
            ],
            [
              -68.09406046563919,
              65.50260621707024
            ],
            [
              -69.39431192409063,
              67.05606524293033
            ],
            [
              -70.57272274647727,
              68.64533305490713
            ],
            [
              -71.59589216414832,
              70.26884740698888
            ],
            [
              -72.41602564636321,
              71.92430172777382
            ],
            [
              -72.96328450568433,
              73.60827229277058
            ],
            [
              -73.13278459359424,
              75.31561218271682
            ],
            [
              -72.76155486480081,
              77.03838763079267
            ],
            [
              -71.58589166094083,
              78.76386614047003
            ],
            [
              -69.15936964943398,
              80.47041946531267
            ],
            [
              -64.69369000709781,
              82.11858267402414
            ],
            [
              -56.7816984772154,
              83.63069646046968
            ],
            [
              -43.2156672189505,
              84.84798772387117
            ],
            [
              -22.60559999999998,
              85.48550123280748
            ]
          ]
        ]
      }
    },
    {
      "type": "Feature",
      "properties": {
        "icao": "BIKF",
        "name": "Keflavik",
        "aircraft": "B789",
        "timestamp": "2026-07-25T12:00:00Z"
      },
      "geometry": {
        "type": "Polygon",
        "coordinates": [
          [
            [
              -22.60559999999998,
              85.5854338436966
            ],
            [
              1.1151729910283166,
              85.37420422622182
            ],
            [
              19.096203893012785,
              84.36313481169286
            ],
            [
              29.880565756352667,
              82.87234641247032
            ],
            [
              35.87738748774484,
              81.13453306544861
            ],
            [
              39.0619142740336,
              79.26773309139037
            ],
            [
              40.561113607373386,
              77.33124044613963
            ],
            [
              40.996094489405095,
              75.35798528627629
            ],
            [
              40.72186696960796,
              73.36868042834523
            ],
            [
              39.951638878686595,
              71.37799856403241
            ],
            [
              38.81971067574386,
              69.39742669800579
            ],
            [
              37.41435964042148,
              67.43666844188856
            ],
            [
              35.795828844707785,
              65.50436884288362
            ],
            [
              34.006625224117215,
              63.608502006123665
            ],
            [
              32.077668343897244,
              61.75658050335106
            ],
            [
              30.032103881226703,
              59.95576526803049
            ],
            [
              27.887750517897302,
              58.21291702424355
            ],
            [
              25.658718153827067,
              56.53461172291934
            ],
            [
              23.356506935928792,
              54.92713289897507
            ],
            [
              20.990770915787607,
              53.39644877865206
            ],
            [
              18.569858619333104,
              51.94817920561434
            ],
            [
              16.10120084693972,
              50.58755594654051
            ],
            [
              13.591590738874515,
              49.319379123408275
            ],
            [
              11.047385562778118,
              48.1479720940988
            ],
            [
              8.4746499131993,
              47.07713688788679
            ],
            [
              5.879253820633835,
              46.11011218897058
            ],
            [
              3.2669353256139857,
              45.24953577915293
            ],
            [
              0.643334575041763,
              44.49741325349206
            ],
            [
              -1.9859950656493766,
              43.85509468000804
            ],
            [
              -4.615594352292192,
              43.32326066912136
            ],
            [
              -7.2401200055815025,
              42.901919044420296
            ],
            [
              -9.854377473172008,
              42.59041296752931
            ],
            [
              -12.453361275785596,
              42.38744097868703
            ],
            [
              -15.032299815872761,
              42.29108899000979
            ],
            [
              -17.586701749377767,
              42.29887383319117
            ],
            [
              -20.112401276299238,
              42.40779754164204
            ],
            [
              -22.60559999999998,
              42.614411161348436
            ],
            [
              -25.06290333089737,
              42.914886553685434
            ],
            [
              -27.481349750591562,
              43.30509439027661
            ],
            [
              -29.858431586736003,
              43.78068635178716
            ],
            [
              -32.19210625606843,
              44.33717943044121
            ],
            [
              -34.48079719525947,
              44.970040196339575
            ],
            [
              -36.72338390396061,
              45.674766913270155
            ],
            [
              -38.91918066443725,
              46.446967471950266
            ],
            [
              -41.067903574497564,
              47.28243123872906
            ],
            [
              -43.169625533722524,
              48.17719308793826
            ],
            [
              -45.22471875380188,
              49.127588090076856
            ],
            [
              -47.23378421177631,
              50.13029556104097
            ],
            [
              -49.197567207463806,
              51.18237143556303
            ],
            [
              -51.11685778155629,
              52.281268206372026
            ],
            [
              -52.9923741295994,
              53.42484196295495
            ],
            [
              -54.82462620097493,
              54.611346360503724
            ],
            [
              -56.61375523582433,
              55.83941363621821
            ],
            [
              -58.35934281541449,
              57.10802304595323
            ],
            [
              -60.06017969633217,
              58.4164572906542
            ],
            [
              -61.71397965851179,
              59.76424759987481
            ],
            [
              -63.317015840072145,
              61.151108083932236
            ],
            [
              -64.86364492726182,
              62.576859676139854
            ],
            [
              -66.34566532574513,
              64.04134333533558
            ],
            [
              -67.75142414813371,
              65.54432095371939
            ],
            [
              -69.0645356026755,
              67.08536023544244
            ],
            [
              -70.26198348404262,
              68.66369596124781
            ],
            [
              -71.31122067426816,
              70.27805312138574
            ],
            [
              -72.16558411286945,
              71.92640447056375
            ],
            [
              -72.75677973720587,
              73.60560984174923
            ],
            [
              -72.9820669635688,
              75.31083274525467
            ],
            [
              -72.68143665037292,
              77.03451702875081
            ],
            [
              -71.5950689498627,
              78.76444545716372
            ],
            [
              -69.28060759861813,
              80.47976063147283
            ],
            [
              -64.94930219974799,
              82.1421833319695
            ],
            [
              -57.16794275081389,
              83.67561345292204
            ],
            [
              -43.60645437280101,
              84.92140133598772
            ],
            [
              -22.60559999999998,
              85.5854338436966
            ]
          ]
        ]
      }
    },
    {
      "type": "Feature",
      "properties": {
        "icao": "BIKF",
        "name": "Keflavik",
        "aircraft": "B789",
        "timestamp": "2026-07-25T18:00:00Z"
      },
      "geometry": {
        "type": "Polygon",
        "coordinates": [
          [
            [
              -22.60559999999998,
              85.6703765629525
            ],
            [
              1.708110508533764,
              85.46112576093608
            ],
            [
              19.993803667002453,
              84.4333593651413
            ],
            [
              30.806634432809346,
              82.92178360357629
            ],
            [
              36.740666631497675,
              81.16476673701747
            ],
            [
              39.84687173851262,
              79.28080442169905
            ],
            [
              41.27229632224885,
              77.32873015579659
            ],
            [
              41.64169459758557,
              75.34108787279266
            ],
            [
              41.30955841740297,
              73.33837584810513
            ],
            [
              40.487774770373335,
              71.3351799883174
            ],
            [
              39.3093847573964,
              69.34298209094217
            ],
            [
              37.86164581016726,
              67.37153017492695
            ],
            [
              36.204017269146675,
              65.42954264867662
            ],
            [
              34.378415843796006,
              63.5250824921622
            ],
            [
              32.41532131141014,
              61.6657576168725
            ],
            [
              30.337555222116634,
              59.858824365644466
            ],
            [
              28.16270161996306,
              58.11123415997957
            ],
            [
              25.904706012937368,
              56.4296451481041
            ],
            [
              23.57496027265165,
              54.820411398949666
            ],
            [
              21.183055782920633,
              53.289557258342164
            ],
            [
              18.73731598898803,
              51.842741822811405
            ],
            [
              16.245177836767994,
              50.485217045608316
            ],
            [
              13.713466539158503,
              49.22178222251242
            ],
            [
              11.148592701411076,
              48.05673721196247
            ],
            [
              8.556691201641456,
              46.99383655073973
            ],
            [
              5.9437151309207366,
              46.03624652550936
            ],
            [
              3.3154942350317924,
              45.18650718239934
            ],
            [
              0.6777648650081574,
              44.44650115534703
            ],
            [
              -1.9638230701709745,
              43.81743103964864
            ],
            [
              -4.603717579190061,
              43.29980681384732
            ],
            [
              -7.23649048118034,
              42.89344451632168
            ],
            [
              -9.856874053276329,
              42.5974770185518
            ],
            [
              -12.459805017865847,
              42.410377319595476
            ],
            [
              -15.040472673096474,
              42.3299943368103
            ],
            [
              -17.594368204575858,
              42.3536007110148
            ],
            [
              -20.117332487545582,
              42.47795170548423
            ],
            [
              -22.60559999999998,
              42.699353880604235
            ],
            [
              -25.055836807638798,
              43.01374188826963
            ],
            [
              -27.465170932322167,
              43.41676146475448
            ],
            [
              -29.831213754752184,
              43.9038565137764
            ],
            [
              -32.15207140857086,
              44.47035806276977
            ],
            [
              -34.426345380558814,
              45.11157284017003
            ],
            [
              -36.653121729923214,
              45.822869252026244
            ],
            [
              -38.83194847473783,
              46.59975862363244
            ],
            [
              -40.9628007658971,
              47.43796970772126
            ],
            [
              -43.046033480301276,
              48.333514638255735
            ],
            [
              -45.08232081437927,
              49.282744723037766
            ],
            [
              -47.07258233746154,
              50.28239471578699
            ],
            [
              -49.01789474916461,
              51.32961448610683
            ],
            [
              -50.9193882326382,
              52.4219873099945
            ],
            [
              -52.77812573450291,
              53.55753432786338
            ],
            [
              -54.59496262124196,
              54.73470505087233
            ],
            [
              -56.37038279290732,
              55.95235412357129
            ],
            [
              -58.104305226332315,
              57.20970484854581
            ],
            [
              -59.795851687810114,
              58.50630021576547
            ],
            [
              -61.44306139974367,
              59.84194231424944
            ],
            [
              -63.04253080150028,
              61.216620980207
            ],
            [
              -64.58894460760882,
              62.63043227370683
            ],
            [
              -66.07444538990671,
              64.08348675177983
            ],
            [
              -67.48775804890033,
              65.57580631448499
            ],
            [
              -68.81293398341927,
              67.10720627620768
            ],
            [
              -70.0274909812074,
              68.67715556778678
            ],
            [
              -71.09956672556734,
              70.28460124210517
            ],
            [
              -71.98341165610384,
              71.92773091404331
            ],
            [
              -72.61198525048007,
              73.60362229242807
            ],
            [
              -72.88429346656898,
              75.30767857263741
            ],
            [
              -72.6427482952015,
              77.03263836363386
            ],
            [
              -71.6307153830902,
              78.76669241648662
            ],
            [
              -69.40919462146792,
              80.48960258849418
            ],
            [
              -65.18909105190687,
              82.16405608398443
            ],
            [
              -57.51544497399493,
              83.71524873034886
            ],
            [
              -43.953459574138776,
              84.98467060653029
            ],
            [
              -22.60559999999998,
              85.6703765629525
            ]
          ]
        ]
      }
    },
    {
      "type": "Feature",
      "properties": {
        "icao": "BIKF",
        "name": "Keflavik",
        "aircraft": "B789",
        "timestamp": "2026-07-26T00:00:00Z"
      },
      "geometry": {
        "type": "Polygon",
        "coordinates": [
          [
            [
              -22.60559999999998,
              85.71534623785266
            ],
            [
              2.032704670325188,
              85.50714253446588
            ],
            [
              20.48190886233101,
              84.47025826937102
            ],
            [
              31.307223678502396,
              82.94746825141166
            ],
            [
              37.205793175530175,
              81.18015668334006
            ],
            [
              40.26916120504745,
              79.28701159871977
            ],
            [
              41.654689813879145,
              77.32659876567577
            ],
            [
              41.98882516840149,
              75.33124925187543
            ],
            [
              41.625653194002325,
              73.32134552375649
            ],
            [
              40.77629084328737,
              71.31142762857652
            ],
            [
              39.57307324375654,
              69.31297557386647
            ],
            [
              38.10269509597856,
              67.33576220523622
            ],
            [
              36.42418690183786,
              65.38854624052658
            ],
            [
              34.57914400490699,
              63.479439266952596
            ],
            [
              32.5978074535135,
              61.616101287911086
            ],
            [
              30.50282318821428,
              59.805840829540294
            ],
            [
              28.311648290769313,
              58.05565905078263
            ],
            [
              26.03813941632575,
              56.372259375904335
            ],
            [
              23.693630011920845,
              54.762034996990764
            ],
            [
              21.28767778525082,
              53.23104174894352
            ],
            [
              18.828592939890882,
              51.78496125244037
            ],
            [
              16.323816205716412,
              50.42905781565256
            ],
            [
              13.780190771688353,
              49.168131843692386
            ],
            [
              11.204156919627508,
              48.00647212940079
            ],
            [
              8.601888593965555,
              46.9478092176766
            ],
            [
              5.97938510624158,
              45.99527194150345
            ],
            [
              3.3425273543041385,
              45.15134915191207
            ],
            [
              0.6971055357996647,
              44.4178585604531
            ],
            [
              -1.951176151056984,
              43.795924452186334
            ],
            [
              -4.596713229890497,
              43.28596579414387
            ],
            [
              -7.23402904677539,
              42.88769595507214
            ],
            [
              -9.85781354524022,
              42.60013487393422
            ],
            [
              -12.462969257404325,
              42.42163408289565
            ],
            [
              -15.044661274740406,
              42.34991452749432
            ],
            [
              -17.59836820297801,
              42.38211665811266
            ],
            [
              -20.119931385565565,
              42.5148618188067
            ],
            [
              -22.60559999999998,
              42.74432355550435
            ],
            [
              -25.052069979022917,
              43.066307124097584
            ],
            [
              -27.456515064101836,
              43.476335212158574
            ],
            [
              -29.8166086391289,
              43.96973770127433
            ],
            [
              -32.13053529715677,
              44.54174318957615
            ],
            [
              -34.396991346748564,
              45.18756996056251
            ],
            [
              -36.61517365841411,
              45.9025141166589
            ],
            [
              -38.784756383486524,
              46.68203268522886
            ],
            [
              -40.90585515013481,
              47.52181964288227
            ],
            [
              -42.97897835769322,
              48.41787298469509
            ],
            [
              -45.0049651514604,
              49.366551184214515
            ],
            [
              -46.98490955724185,
              50.36461764528318
            ],
            [
              -48.92007006520316,
              51.40927203555255
            ],
            [
              -50.811763631809185,
              52.49816771061127
            ],
            [
              -52.6612425432744,
              53.629414780463776
            ],
            [
              -54.46955174063703,
              54.801568725527964
            ],
            [
              -56.23736287574536,
              56.01360482018912
            ],
            [
              -57.96477929641355,
              57.26487894388559
            ],
            [
              -59.65110296518077,
              58.555075620032454
            ],
            [
              -61.29454940413211,
              59.88414427895181
            ],
            [
              -62.89188917124113,
              61.25222473528643
            ],
            [
              -64.43798252271688,
              62.659562623020186
            ],
            [
              -65.9251550783431,
              64.1064149205772
            ],
            [
              -67.34233167459843,
              65.59294452350605
            ],
            [
              -68.67379440958302,
              67.11910072525517
            ],
            [
              -69.8973427000978,
              68.68447877234354
            ],
            [
              -70.98147597591174,
              70.28814503096476
            ],
            [
              -71.88092880755113,
              71.92840196365337
            ],
            [
              -72.52932807067708,
              73.6024430366302
            ],
            [
              -72.82661532827336,
              75.3057980533016
            ],
            [
              -72.61651124175819,
              77.03136076452873
            ],
            [
              -71.64413109862409,
              78.76753674394308
            ],
            [
              -69.47240003236647,
              80.49441567922251
            ],
            [
              -65.31238295319872,
              82.17520273919025
            ],
            [
              -57.69824769209305,
              83.7358094551451
            ],
            [
              -44.13955500275779,
              85.01788356020235
            ],
            [
              -22.60559999999998,
              85.71534623785266
            ]
          ]
        ]
      }
    },
    {
      "type": "Feature",
      "properties": {
        "icao": "EINN",
        "name": "Shannon",
        "aircraft": "B789",
        "timestamp": "2026-07-25T00:00:00Z"
      },
      "geometry": {
        "type": "Polygon",
        "coordinates": [
          [
            [
              -8.924800000000005,
              74.14244166627402
            ],
            [
              -2.1794745340154122,
              74.13733839114244
            ],
            [
              4.410448245083671,
              73.77332921269645
            ],
            [
              10.484237820933913,
              73.06819968671866
            ],
            [
              15.795553489618555,
              72.0594189104769
            ],
            [
              20.23419890026821,
              70.79462049454888
            ],
            [
              23.799572097065607,
              69.32295599912064
            ],
            [
              26.557180557993775,
              67.68971530109482
            ],
            [
              28.601339943788844,
              65.93410710685161
            ],
            [
              30.031360546783503,
              64.08905483914981
            ],
            [
              30.939362634773147,
              62.18193468555292
            ],
            [
              31.405535860256578,
              60.23559076981266
            ],
            [
              31.49737771105947,
              58.269308184837705
            ],
            [
              31.27073731138944,
              56.299628139137994
            ],
            [
              30.77149227623181,
              54.34098660775544
            ],
            [
              30.037296544952596,
              52.40619577557769
            ],
            [
              29.099165004609404,
              50.506797592347475
            ],
            [
              27.982821694392214,
              48.65331755426239
            ],
            [
              26.709810371547633,
              46.85544209813314
            ],
            [
              25.29839397888304,
              45.12213791743133
            ],
            [
              23.764276737192517,
              43.46172718622693
            ],
            [
              22.12118102293391,
              41.88192934087138
            ],
            [
              20.381306525758305,
              40.38987763357147
            ],
            [
              18.555693957167705,
              38.992116958642974
            ],
            [
              16.65451084862491,
              37.69458827905197
            ],
            [
              14.687273086571167,
              36.50260418912359
            ],
            [
              12.663012826734644,
              35.4208196084775
            ],
            [
              10.590401228403266,
              34.453201207533425
            ],
            [
              8.477832923627716,
              33.60299883383358
            ],
            [
              6.333478148239692,
              32.87272187839511
            ],
            [
              4.165307875054623,
              32.26412314851703
            ],
            [
              1.9810969764708943,
              31.778192372365115
            ],
            [
              -0.21158971276577176,
              31.415160943372786
            ],
            [
              -2.4054236626363945,
              31.174518927503545
            ],
            [
              -4.593346600884161,
              31.055044725989063
            ],
            [
              -6.768607716566976,
              31.05484714248411
            ],
            [
              -8.924800000000005,
              31.17141898392574
            ],
            [
              -11.05589204343903,
              31.40170076580378
            ],
            [
              -13.156252163576141,
              31.742152626983987
            ],
            [
              -15.22066230533369,
              32.18883220967559
            ],
            [
              -17.24431979959934,
              32.73747603843719
            ],
            [
              -19.222825625569385,
              33.38358183848477
            ],
            [
              -21.152158325050095,
              34.12248925777825
            ],
            [
              -23.02863309334839,
              34.9494565810965
            ],
            [
              -24.848845801484686,
              35.859731224090766
            ],
            [
              -26.60960176937158,
              36.84861204541589
            ],
            [
              -28.307828998559728,
              37.91150178992263
            ],
            [
              -29.940475278537633,
              39.04394825169881
            ],
            [
              -31.50438809306189,
              40.241673000899915
            ],
            [
              -32.9961755564201,
              41.500586733116336
            ],
            [
              -34.41204567592513,
              42.816790455435495
            ],
            [
              -35.74762002209502,
              44.186561799018506
            ],
            [
              -36.99771632779482,
              45.606325719705424
            ],
            [
              -38.15609254617232,
              47.07260868465788
            ],
            [
              -39.21514236832303,
              48.58197510221131
            ],
            [
              -40.165529018510824,
              50.13094417612943
            ],
            [
              -40.995740207649874,
              51.715884474940374
            ],
            [
              -41.69154241786998,
              53.332882194137326
            ],
            [
              -42.23530742565333,
              54.977577210811056
            ],
            [
              -42.605178904849424,
              56.6449584064385
            ],
            [
              -42.77404403139457,
              58.329106159708815
            ],
            [
              -42.708278680421074,
              60.02286521552617
            ],
            [
              -42.366254540608566,
              61.717425343274584
            ],
            [
              -41.69665151172836,
              63.4017809411295
            ],
            [
              -40.63674620919721,
              65.06203622110097
            ],
            [
              -39.11111387123185,
              66.68052561725165
            ],
            [
              -37.03169154955219,
              68.23474288806509
            ],
            [
              -34.301027025474184,
              69.69614390884851
            ],
            [
              -30.82178167600705,
              71.02905279883603
            ],
            [
              -26.516621501643044,
              72.19021043457838
            ],
            [
              -21.361612427935825,
              73.12994348408726
            ],
            [
              -15.429502852887822,
              73.79623451783553
            ],
            [
              -8.924800000000005,
              74.14244166627402
            ]
          ]
        ]
      }
    },
    {
      "type": "Feature",
      "properties": {
        "icao": "EINN",
        "name": "Shannon",
        "aircraft": "B789",
        "timestamp": "2026-07-25T06:00:00Z"
      },
      "geometry": {
        "type": "Polygon",
        "coordinates": [
          [
            [
              -8.924800000000005,
              74.25236753825212
            ],
            [
              -2.0881200242498608,
              74.26313633437167
            ],
            [
              4.608203124352826,
              73.90808891070748
            ],
            [
              10.785755803501843,
              73.20430579021013
            ],
            [
              16.18443135775044,
              72.1898176025128
            ],
            [
              20.68756876198006,
              70.91358859772514
            ],
            [
              24.294339852795588,
              69.42631204343702
            ],
            [
              27.0734364201777,
              67.77468102148308
            ],
            [
              29.12340217939743,
              65.99904332600771
            ],
            [
              30.547526986642993,
              64.1332024664659
            ],
            [
              31.441187166427085,
              62.20520839010925
            ],
            [
              31.887057124734042,
              60.23842923932521
            ],
            [
              31.954464982211675,
              58.25256950543638
            ],
            [
              31.70058864558621,
              56.264516756167964
            ],
            [
              31.172269359055576,
              54.289000723250695
            ],
            [
              30.407867316249167,
              52.33908712146874
            ],
            [
              29.438926311227192,
              50.42653807762304
            ],
            [
              28.291579593861456,
              48.56206912899029
            ],
            [
              26.987701295853185,
              46.755527433062845
            ],
            [
              25.545834536015946,
              45.016010341011224
            ],
            [
              23.981933319057134,
              43.351938898341864
            ],
            [
              22.309952785779046,
              41.771097339357226
            ],
            [
              20.542316963373878,
              40.280647114615576
            ],
            [
              18.690287420215782,
              38.88712222788411
            ],
            [
              16.76425115006498,
              37.5964114598777
            ],
            [
              14.773941902264369,
              36.413732248136604
            ],
            [
              12.72860604418986,
              35.34360043557345
            ],
            [
              10.637121778500273,
              34.38979968309752
            ],
            [
              8.50807899022061,
              33.555353977779475
            ],
            [
              6.3498260102624045,
              32.84250629306892
            ],
            [
              4.170489001213014,
              32.2527060285146
            ],
            [
              1.9779693578342403,
              31.786607350537654
            ],
            [
              -0.22007565651119876,
              31.44407996974966
            ],
            [
              -2.416263950941584,
              31.22423323816307
            ],
            [
              -4.603526418659726,
              31.125453759489343
            ],
            [
              -6.775146890171413,
              31.14545601488404
            ],
            [
              -8.924800000000005,
              31.281344855903846
            ],
            [
              -11.046583258535861,
              31.529688144835468
            ],
            [
              -13.13504023230746,
              31.88659736145731
            ],
            [
              -15.185172396151984,
              32.34781366539829
            ],
            [
              -17.192437878142982,
              32.90879671276276
            ],
            [
              -19.15273592142296,
              33.56481347057089
            ],
            [
              -21.06237639147787,
              34.31102433848077
            ],
            [
              -22.918034028570332,
              35.142564052520115
            ],
            [
              -24.71668736024094,
              36.054615084432164
            ],
            [
              -26.455542235371013,
              37.04247153599042
            ],
            [
              -28.131939813174654,
              38.10159183477837
            ],
            [
              -29.743248533400276,
              39.227638843470714
            ],
            [
              -31.28673910016323,
              40.41650627826248
            ],
            [
              -32.759440814624554,
              41.66433057529554
            ],
            [
              -34.15797666085007,
              42.967487528517104
            ],
            [
              -35.478373336247955,
              44.322573128251
            ],
            [
              -36.715840852870656,
              45.72636803215537
            ],
            [
              -37.86451432443147,
              47.17578496673729
            ],
            [
              -38.91714797847152,
              48.667798044205306
            ],
            [
              -39.8647481599624,
              50.199352425901324
            ],
            [
              -40.69612799514789,
              51.76725188732896
            ],
            [
              -41.397361401597834,
              53.36802052870857
            ],
            [
              -41.9511084008239,
              54.997732979338515
            ],
            [
              -42.33577784352872,
              56.65180477160335
            ],
            [
              -42.52448943129485,
              58.32473088446692
            ],
            [
              -42.48379841476981,
              60.009755561919775
            ],
            [
              -42.172162536332735,
              61.69845034256265
            ],
            [
              -41.538180259522676,
              63.38017027804382
            ],
            [
              -40.51874872522694,
              65.04135251336403
            ],
            [
              -39.03754668064175,
              66.66462216130765
            ],
            [
              -37.004752611855736,
              68.22769059494752
            ],
            [
              -34.3198017460839,
              69.70209785670268
            ],
            [
              -30.88031289536582,
              71.05201154893933
            ],
            [
              -26.601604976355247,
              72.23360922327845
            ],
            [
              -21.450594411815587,
              73.19604302788889
            ],
            [
              -15.491403356795104,
              73.88536666686912
            ],
            [
              -8.924800000000005,
              74.25236753825212
            ]
          ]
        ]
      }
    },
    {
      "type": "Feature",
      "properties": {
        "icao": "EINN",
        "name": "Shannon",
        "aircraft": "B789",
        "timestamp": "2026-07-25T12:00:00Z"
      },
      "geometry": {
        "type": "Polygon",
        "coordinates": [
          [
            [
              -8.924800000000005,
              74.34730351859682
            ],
            [
              -2.007796005631917,
              74.37211776800513
            ],
            [
              4.782644046552264,
              74.02501618066046
            ],
            [
              11.052123972174286,
              73.32242888561696
            ],
            [
              16.528039378865856,
              72.3028876736514
            ],
            [
              21.08791133921318,
              71.01655627325927
            ],
            [
              24.730795749533627,
              69.51551262409245
            ],
            [
              27.528342355489258,
              67.84770085549997
            ],
            [
              29.582949394885304,
              66.05447526817997
            ],
            [
              31.00149143506053,
              64.17040984295753
            ],
            [
              31.882247560328437,
              62.224139365381134
            ],
            [
              32.310086124822874,
              60.2394837271441
            ],
            [
              32.35593682700767,
              58.23650732555332
            ],
            [
              32.07812971604881,
              56.23239433722474
            ],
            [
              31.524334262560046,
              54.24212611375567
            ],
            [
              30.733512584047048,
              52.278986000799364
            ],
            [
              29.73765584674254,
              50.3549258249124
            ],
            [
              28.56324139995843,
              48.48082568403798
            ],
            [
              27.232420312737645,
              46.66667280982807
            ],
            [
              25.763970653786828,
              44.92167940275917
            ],
            [
              24.174056721521197,
              43.25435451250916
            ],
            [
              22.47683094301874,
              41.672541396467366
            ],
            [
              20.68490906643399,
              40.18342918191616
            ],
            [
              18.809743053310967,
              38.79354585287134
            ],
            [
              16.861910685895054,
              37.5087383621747
            ],
            [
              14.851336602645347,
              36.33414484866564
            ],
            [
              12.787456234893853,
              35.27416336929456
            ],
            [
              10.679331800775799,
              34.332421119530174
            ],
            [
              8.535727947593386,
              33.5117477222672
            ],
            [
              6.365153646477438,
              32.814155750145325
            ],
            [
              4.175876368284435,
              32.24083116644328
            ],
            [
              1.975914256035594,
              31.79213580553427
            ],
            [
              -0.22698817574610075,
              31.467623366204737
            ],
            [
              -2.425395450057067,
              31.26606967915497
            ],
            [
              -4.612222507742445,
              31.185517266999344
            ],
            [
              -6.78077726197489,
              31.223333482866916
            ],
            [
              -8.924800000000005,
              31.376280836248565
            ],
            [
              -11.038495894909033,
              31.640597532015928
            ],
            [
              -13.116557565016024,
              32.012085791394156
            ],
            [
              -15.154175329390114,
              32.4862052105155
            ],
            [
              -17.147033500579482,
              33.05816824786534
            ],
            [
              -19.091291677663662,
              33.72303490869907
            ],
            [
              -20.983550511646172,
              34.4758037945652
            ],
            [
              -22.820801780308216,
              35.311496885061956
            ],
            [
              -24.600362813027573,
              36.225235689561686
            ],
            [
              -26.319795339861685,
              37.21230672163913
            ],
            [
              -27.97680870128454,
              38.26821458329955
            ],
            [
              -29.569147043596217,
              39.38872127787204
            ],
            [
              -31.09445963314937,
              40.56987068051856
            ],
            [
              -32.55015273248074,
              41.80799736627771
            ],
            [
              -33.933220560080315,
              43.099719209752585
            ],
            [
              -35.240051650157454,
              44.44191330769354
            ],
            [
              -36.46620536351713,
              45.83167481022492
            ],
            [
              -37.60615127403355,
              47.266258144303556
            ],
            [
              -38.65296153977448,
              48.7429998280774
            ],
            [
              -39.597943015793874,
              50.259221544342424
            ],
            [
              -40.430191628379816,
              51.812111279793044
            ],
            [
              -41.136046310615086,
              53.398579028337714
            ],
            [
              -41.698413672689924,
              55.015081646220004
            ],
            [
              -42.09592807073693,
              56.65740873229927
            ],
            [
              -42.301906401012104,
              58.32041764372106
            ],
            [
              -42.28305658896949,
              59.997700695251325
            ],
            [
              -41.99791188124334,
              61.68116110522294
            ],
            [
              -41.39500767291548,
              63.36046670148935
            ],
            [
              -40.410929822419064,
              65.0223435077978
            ],
            [
              -38.9686112029691,
              66.64967015644358
            ],
            [
              -36.97675176590212,
              68.22035106980951
            ],
            [
              -34.33214215863876,
              69.70600840851377
            ],
            [
              -30.92806579977855,
              71.07068933722735
            ],
            [
              -26.673434775378155,
              72.27010302720447
            ],
            [
              -21.52704162000009,
              73.25240041048556
            ],
            [
              -15.545141544946887,
              73.96196077197992
            ],
            [
              -8.924800000000005,
              74.34730351859682
            ]
          ]
        ]
      }
    },
    {
      "type": "Feature",
      "properties": {
        "icao": "EINN",
        "name": "Shannon",
        "aircraft": "B789",
        "timestamp": "2026-07-25T18:00:00Z"
      },
      "geometry": {
        "type": "Polygon",
        "coordinates": [
          [
            [
              -8.924800000000005,
              74.41225971567482
            ],
            [
              -1.9518853302549815,
              74.44709394101174
            ],
            [
              4.9046548433955195,
              74.10573817062212
            ],
            [
              11.238981645313288,
              73.40413236030444
            ],
            [
              16.769459140044432,
              72.38114953762883
            ],
            [
              21.369387758237963,
              71.08780216566629
            ],
            [
              25.037731239123787,
              69.57715171675639
            ],
            [
              27.848262751948027,
              67.8980290584703
            ],
            [
              29.90613726143806,
              66.0924988398401
            ],
            [
              31.320779846841106,
              64.19567614427953
            ],
            [
              32.19252354144544,
              62.2366046358952
            ],
            [
              32.60778052943158,
              60.239418963155636
            ],
            [
              32.63860133144067,
              58.22443383233424
            ],
            [
              32.34411790969614,
              56.209039696246094
            ],
            [
              31.772573089594857,
              54.20839318136023
            ],
            [
              30.963343508811818,
              52.23592970577687
            ],
            [
              29.948726975388013,
              50.303734243350235
            ],
            [
              28.75543585817468,
              48.42280306982634
            ],
            [
              27.405810068539154,
              46.603223059156335
            ],
            [
              25.918788035213424,
              44.85428895911859
            ],
            [
              24.310678094909463,
              43.18457407632414
            ],
            [
              22.595768554198685,
              41.60196606052282
            ],
            [
              20.78680808976742,
              40.11367681531291
            ],
            [
              18.895381596837183,
              38.726233729474444
            ],
            [
              16.932200982476843,
              37.44545818900537
            ],
            [
              14.907325962067034,
              36.276436501175816
            ],
            [
              12.83032660026015,
              35.22348778346545
            ],
            [
              10.710396984769432,
              34.2901329205098
            ],
            [
              8.55642784539566,
              33.47906827852495
            ],
            [
              6.377044945362968,
              32.79214742268283
            ],
            [
              4.180619502029117,
              32.23037356692271
            ],
            [
              1.9752565806085158,
              31.793904879777447
            ],
            [
              -0.23123279010496844,
              31.482074078024365
            ],
            [
              -2.4313702187471335,
              31.293422985272727
            ],
            [
              -4.618053969767402,
              31.225751951992784
            ],
            [
              -6.784603483362275,
              31.276183271923554
            ],
            [
              -8.924800000000005,
              31.441237033326537
            ],
            [
              -11.032919530508707,
              31.716917252887068
            ],
            [
              -13.103755130512354,
              32.098805685423805
            ],
            [
              -15.132626182835907,
              32.5821604006243
            ],
            [
              -17.11537310668257,
              33.16201607119646
            ],
            [
              -19.04833654596041,
              33.83328291473093
            ],
            [
              -20.92832059998318,
              34.59084135407581
            ],
            [
              -22.752540020346032,
              35.429629682064885
            ],
            [
              -24.518551493704763,
              36.344722307798
            ],
            [
              -26.22416915703741,
              37.33139649602296
            ],
            [
              -27.86736435033788,
              38.38518586401368
            ],
            [
              -29.44614930138789,
              39.50191925063061
            ],
            [
              -30.958443951400227,
              40.67774390185329
            ],
            [
              -32.4019244500883,
              41.90913220928835
            ],
            [
              -33.773850938534906,
              43.192871475589406
            ],
            [
              -35.07087104196256,
              44.52603634281197
            ],
            [
              -36.288793931960186,
              45.90594357997387
            ],
            [
              -37.42232778214327,
              47.33008884908584
            ],
            [
              -38.464770798524626,
              48.79606480678004
            ],
            [
              -39.40764259894513,
              50.30145938661111
            ],
            [
              -40.24023838172951,
              51.84373225746537
            ],
            [
              -40.94908294064908,
              53.42006614786685
            ],
            [
              -41.51725518579951,
              55.02718780555728
            ],
            [
              -41.9235468688874,
              56.66115061870664
            ],
            [
              -42.141413118477146,
              58.31706710285486
            ],
            [
              -42.13767076676294,
              59.98877428279067
            ],
            [
              -41.8709114877808,
              61.66840830079489
            ],
            [
              -41.28963801092942,
              63.34585663457654
            ],
            [
              -40.330238793339504,
              65.00804867567943
            ],
            [
              -38.91515768273109,
              66.63804291395974
            ],
            [
              -36.952108129461976,
              68.21388373060189
            ],
            [
              -34.336091998284076,
              69.70725958519478
            ],
            [
              -30.957421426435076,
              71.08214767333455
            ],
            [
              -26.72055368793292,
              72.29394937155217
            ],
            [
              -21.578531726820756,
              73.29013695687263
            ],
            [
              -15.58189540360081,
              74.0139320913415
            ],
            [
              -8.924800000000005,
              74.41225971567482
            ]
          ]
        ]
      }
    },
    {
      "type": "Feature",
      "properties": {
        "icao": "EINN",
        "name": "Shannon",
        "aircraft": "B789",
        "timestamp": "2026-07-26T00:00:00Z"
      },
      "geometry": {
        "type": "Polygon",
        "coordinates": [
          [
            [
              -8.924800000000005,
              74.4372428683971
            ],
            [
              -1.9306855399305505,
              74.47533602995574
            ],
            [
              4.950212259693444,
              74.13565795067807
            ],
            [
              11.307871801428973,
              73.43401671421755
            ],
            [
              16.85749615516113,
              72.40944955935751
            ],
            [
              21.471044958006473,
              71.11330278873695
            ],
            [
              25.147629045742633,
              69.59900488855239
            ],
            [
              27.96191861733041,
              67.91570694404932
            ],
            [
              30.02013852739549,
              66.10572325746752
            ],
            [
              31.432667343687967,
              64.20435442111118
            ],
            [
              32.300586739311484,
              62.2407810845251
            ],
            [
              32.71086009197552,
              60.239241189210226
            ],
            [
              32.735930699187065,
              58.22013015144935
            ],
            [
              32.4352065868668,
              56.20090398916656
            ],
            [
              31.857124547980675,
              54.19677438955144
            ],
            [
              31.04119908381233,
              52.221224042962255
            ],
            [
              30.019828372655866,
              50.28637885800866
            ],
            [
              28.819800675790248,
              48.40327034227269
            ],
            [
              27.463516310976843,
              46.582015009174995
            ],
            [
              25.969964784247964,
              44.831931429657125
            ],
            [
              24.355500342430673,
              43.161610485184006
            ],
            [
              22.634454774354936,
              41.578950601818875
            ],
            [
              20.81961951127107,
              40.09116706234483
            ],
            [
              18.922622392499648,
              38.70478265034762
            ],
            [
              16.954218767373277,
              37.425605640977636
            ],
            [
              14.924512116179585,
              36.258700321214604
            ],
            [
              12.843116028032682,
              35.20835464059815
            ],
            [
              10.719267007299095,
              34.27804913850608
            ],
            [
              8.561895999868511,
              33.47043087270908
            ],
            [
              6.379665545168564,
              32.787295619446546
            ],
            [
              4.180978890612323,
              32.22958108632187
            ],
            [
              1.9739670907221125,
              31.797373258763695
            ],
            [
              -0.23354008602302656,
              31.489927293845568
            ],
            [
              -2.4340538160472533,
              31.305703606139893
            ],
            [
              -4.620471093338892,
              31.242418997296035
            ],
            [
              -6.78611986318208,
              31.297111910147223
            ],
            [
              -8.924800000000005,
              31.466220186048826
            ],
            [
              -11.030816366632735,
              31.74566911167913
            ],
            [
              -13.099000924282677,
              32.13096708859269
            ],
            [
              -15.12472161787764,
              32.61730596139444
            ],
            [
              -17.103876483487852,
              33.199662900029516
            ],
            [
              -19.032872060902037,
              33.87290073706921
            ],
            [
              -20.90858570515445,
              34.631863791110135
            ],
            [
              -22.728311749304567,
              35.47146643590302
            ],
            [
              -24.48969166399968,
              36.38677197313827
            ],
            [
              -26.19062838405796,
              37.37305970766475
            ],
            [
              -27.829184829950805,
              38.425878483051676
            ],
            [
              -29.403466342836964,
              39.54108529212719
            ],
            [
              -30.911486268775263,
              40.71486791364541
            ],
            [
              -32.35101325145786,
              41.94375082606907
            ],
            [
              -33.71939788673569,
              43.2245838952629
            ],
            [
              -35.01337519884072,
              44.554513503923346
            ],
            [
              -36.2288378357477,
              45.93093585994245
            ],
            [
              -37.36057284088713,
              47.35143215262942
            ],
            [
              -38.401952203945996,
              48.813684971232675
            ],
            [
              -39.3445639643528,
              50.31537489397786
            ],
            [
              -40.17776626908426,
              51.85405530940751
            ],
            [
              -40.88814134144445,
              53.42700222583551
            ],
            [
              -41.458819819178586,
              55.03103389919399
            ],
            [
              -41.868638793895286,
              56.662292354416664
            ],
            [
              -42.091090517644886,
              58.315975029936475
            ],
            [
              -42.0930166660184,
              59.98599955713485
            ],
            [
              -41.833013343609935,
              61.66457791017395
            ],
            [
              -41.25955208202612,
              63.34166806861334
            ],
            [
              -40.30892744889525,
              65.00426343737401
            ],
            [
              -38.903380815859805,
              66.63547729184057
            ],
            [
              -36.950241210385684,
              68.21339348895246
            ],
            [
              -34.34383727806619,
              69.70971234395397
            ],
            [
              -30.973389183808195,
              71.0883727976709
            ],
            [
              -26.74174846515541,
              72.304651916436
            ],
            [
              -21.59992761298315,
              73.3057654871969
            ],
            [
              -15.596514445765479,
              74.03451115147074
            ],
            [
              -8.924800000000005,
              74.4372428683971
            ]
          ]
        ]
      }
    },
    {
      "type": "Feature",
      "properties": {
        "icao": "LPLA",
        "name": "Lajes Field (Azores)",
        "aircraft": "B789",
        "timestamp": "2026-07-25T00:00:00Z"
      },
      "geometry": {
        "type": "Polygon",
        "coordinates": [
          [
            [
              -27.090799999999945,
              60.13248883865156
            ],
            [
              -23.424076747900358,
              60.095473799650925
            ],
            [
              -19.80508645562543,
              59.809195205832616
            ],
            [
              -16.325297290757703,
              59.279289087191756
            ],
            [
              -13.063790398952165,
              58.518134906920615
            ],
            [
              -10.081579169369661,
              57.54349487987415
            ],
            [
              -7.419518065725924,
              56.376821733587114
            ],
            [
              -5.099384805744762,
              55.04158214685469
            ],
            [
              -3.127019539134153,
              53.561842410041656
            ],
            [
              -1.4963033801925576,
              51.961228146048015
            ],
            [
              -0.19305010308494275,
              50.262259146558456
            ],
            [
              0.801708708718138,
              48.48599645960511
            ],
            [
              1.5092254311368833,
              46.65191711990707
            ],
            [
              1.951293943392102,
              44.777936630292004
            ],
            [
              2.149133696894978,
              42.880515626887
            ],
            [
              2.122747019790154,
              40.974805490642304
            ],
            [
              1.8906103167881838,
              39.074803404342155
            ],
            [
              1.4695877448682495,
              37.19349913631818
            ],
            [
              0.8749849482355785,
              35.34300390440864
            ],
            [
              0.12068504821218085,
              33.53465684957298
            ],
            [
              -0.7806721039967215,
              31.779107789983023
            ],
            [
              -1.817492951696181,
              30.08637674430314
            ],
            [
              -2.979031912477012,
              28.465891726791828
            ],
            [
              -4.255202093501339,
              26.926506878203796
            ],
            [
              -5.636401624676978,
              25.476503327932235
            ],
            [
              -7.113359844370962,
              24.12357541487575
            ],
            [
              -8.67700611909379,
              22.874805093510762
            ],
            [
              -10.318363122131245,
              21.736627539980066
            ],
            [
              -12.02846566118967,
              20.714791143350606
            ],
            [
              -13.79830545236996,
              19.814315193310854
            ],
            [
              -15.618801485245172,
              19.039448621359277
            ],
            [
              -17.48079477415331,
              18.393633080345147
            ],
            [
              -19.375065360575263,
              17.879473425774073
            ],
            [
              -21.292368479403194,
              17.498718273639955
            ],
            [
              -23.223485914586377,
              17.252252754327756
            ],
            [
              -25.15928784415837,
              17.14010488206216
            ],
            [
              -27.090799999999945,
              17.1614661563033
            ],
            [
              -29.00927080756054,
              17.314726162860282
            ],
            [
              -30.90623335090436,
              17.59752011389231
            ],
            [
              -32.77355751121678,
              18.006787522040323
            ],
            [
              -34.60348839392947,
              18.53883959943279
            ],
            [
              -36.38866810189478,
              19.189432544990357
            ],
            [
              -38.12213892480071,
              19.953843650022183
            ],
            [
              -39.79732699418298,
              20.82694710776052
            ],
            [
              -41.40800631004112,
              21.803286533697023
            ],
            [
              -42.94824371565056,
              22.877141453234977
            ],
            [
              -44.41232584842692,
              24.042585346705227
            ],
            [
              -45.79466932361595,
              25.29353321325787
            ],
            [
              -47.08971543793831,
              26.623776982156226
            ],
            [
              -48.29181055785136,
              28.02700742715688
            ],
            [
              -49.3950731454363,
              29.49682150038015
            ],
            [
              -50.39324815422407,
              31.026714179219372
            ],
            [
              -51.27954939717449,
              32.61005400570429
            ],
            [
              -52.04649057733866,
              34.240041494213
            ],
            [
              -52.685706150327064,
              35.90964950319239
            ],
            [
              -53.18776429670339,
              37.61154453639363
            ],
            [
              -53.54197636374187,
              39.337987806756566
            ],
            [
              -53.736210675176665,
              41.08071484203753
            ],
            [
              -53.75672427802215,
              42.8307925681927
            ],
            [
              -53.58803488725306,
              44.57845338767541
            ],
            [
              -53.21286807944,
              46.31290710803333
            ],
            [
              -52.61223276345942,
              48.02213416964764
            ],
            [
              -51.76570172851473,
              49.69266817111325
            ],
            [
              -50.65200269010995,
              51.30938308976012
            ],
            [
              -49.250054212039004,
              52.855311784104785
            ],
            [
              -47.54059893776133,
              54.31153790272408
            ],
            [
              -45.508571964660405,
              55.657222458562224
            ],
            [
              -43.14626082956505,
              56.86984542564525
            ],
            [
              -40.457125288906354,
              57.92575331499761
            ],
            [
              -37.4598276745657,
              58.801091521384215
            ],
            [
              -34.191620726245844,
              59.47314815650659
            ],
            [
              -30.709907962957743,
              59.92203432714696
            ],
            [
              -27.090799999999945,
              60.13248883865156
            ]
          ]
        ]
      }
    },
    {
      "type": "Feature",
      "properties": {
        "icao": "LPLA",
        "name": "Lajes Field (Azores)",
        "aircraft": "B789",
        "timestamp": "2026-07-25T06:00:00Z"
      },
      "geometry": {
        "type": "Polygon",
        "coordinates": [
          [
            [
              -27.090799999999945,
              60.23242144954076
            ],
            [
              -23.391741945145895,
              60.21221260031483
            ],
            [
              -19.73259892555177,
              59.9390509466626
            ],
            [
              -16.208170201721714,
              59.41780962198908
            ],
            [
              -12.901112063811865,
              58.66048077408942
            ],
            [
              -9.875667613888368,
              57.684810953949906
            ],
            [
              -7.17517822579714,
              56.512548691987504
            ],
            [
              -4.823019202950377,
              55.167679069989276
            ],
            [
              -2.825798726549806,
              53.67491873120215
            ],
            [
              -1.177511491490577,
              52.05860040731632
            ],
            [
              0.1363635179566245,
              50.341954306249356
            ],
            [
              1.1353940986061843,
              48.54672216126217
            ],
            [
              1.8415573017626912,
              46.693014527302616
            ],
            [
              2.2774038004869226,
              44.7993261118796
            ],
            [
              2.464886824153382,
              42.88264117340652
            ],
            [
              2.4246917970367576,
              40.958580648703716
            ],
            [
              2.1759178330108853,
              39.04155956441836
            ],
            [
              1.735992401670046,
              37.14493592307873
            ],
            [
              1.1207317066789528,
              35.28114089232501
            ],
            [
              0.3444856947716062,
              33.461785650494264
            ],
            [
              -0.5796733249545696,
              31.69774358899887
            ],
            [
              -1.6397451991122125,
              29.99920850975259
            ],
            [
              -2.8245966583386917,
              28.375730541732235
            ],
            [
              -4.123767017978821,
              26.836232108330382
            ],
            [
              -5.52729162151536,
              25.389006640274125
            ],
            [
              -7.025547317221935,
              24.04170298168605
            ],
            [
              -8.6091226984895,
              22.80129864473615
            ],
            [
              -10.26871477970235,
              21.674065250176053
            ],
            [
              -11.995052938855224,
              20.665529635321214
            ],
            [
              -13.77885015717709,
              19.780434188073798
            ],
            [
              -15.610780731381965,
              19.022699937914346
            ],
            [
              -17.481482701502273,
              18.39539576657292
            ],
            [
              -19.38158225768666,
              17.900716766430627
            ],
            [
              -21.301736434247232,
              17.539974264518793
            ],
            [
              -23.2326895627084,
              17.313599356325867
            ],
            [
              -25.165338334635408,
              17.22116099060007
            ],
            [
              -27.090799999999945,
              17.26139876719249
            ],
            [
              -29.000478245205557,
              17.4322697206144
            ],
            [
              -30.886121661189293,
              17.731007531981597
            ],
            [
              -32.73987038622295,
              18.1541919049509
            ],
            [
              -34.55428741229275,
              18.69782530603259
            ],
            [
              -36.32237207591004,
              19.3574139346361
            ],
            [
              -38.03755430372405,
              20.1280496588876
            ],
            [
              -39.69366914878236,
              21.004489713748235
            ],
            [
              -41.28491195461618,
              21.981231175350537
            ],
            [
              -42.80577507058598,
              23.052577555993167
            ],
            [
              -44.25096739341643,
              24.21269525981663
            ],
            [
              -45.61531813565267,
              25.455658053228344
            ],
            [
              -46.89366615454958,
              26.775478095824177
            ],
            [
              -48.08073596525912,
              28.166122414330843
            ],
            [
              -49.17100127443791,
              29.621513960689352
            ],
            [
              -50.15853658167691,
              31.135516561647385
            ],
            [
              -51.03685719996179,
              32.7019031355042
            ],
            [
              -51.79874806198336,
              34.314306524656715
            ],
            [
              -52.436082068085284,
              35.966152182313934
            ],
            [
              -52.93962972273914,
              37.65057178263603
            ],
            [
              -53.2988637304523,
              39.36029663918651
            ],
            [
              -53.50176555619311,
              41.087529691500954
            ],
            [
              -53.53464637331899,
              42.82379487850939
            ],
            [
              -53.382003233651005,
              44.55976316453959
            ],
            [
              -53.02644383831864,
              46.28505564271738
            ],
            [
              -52.44873119139004,
              47.98802650612834
            ],
            [
              -51.62802356190065,
              49.655532961323026
            ],
            [
              -50.5424150912238,
              51.27270630027161
            ],
            [
              -49.169914271729226,
              52.82274939838008
            ],
            [
              -47.4900210346193,
              54.286801646855444
            ],
            [
              -45.4860571861434,
              55.643932370899236
            ],
            [
              -43.14833458851166,
              56.87134497328718
            ],
            [
              -40.47806672864715,
              57.94488828474417
            ],
            [
              -37.49161109693739,
              58.83996436868685
            ],
            [
              -34.22420213361585,
              59.53287449559961
            ],
            [
              -30.731948007729954,
              60.002543887469585
            ],
            [
              -27.090799999999945,
              60.23242144954076
            ]
          ]
        ]
      }
    },
    {
      "type": "Feature",
      "properties": {
        "icao": "LPLA",
        "name": "Lajes Field (Azores)",
        "aircraft": "B789",
        "timestamp": "2026-07-25T12:00:00Z"
      },
      "geometry": {
        "type": "Polygon",
        "coordinates": [
          [
            [
              -27.090799999999945,
              60.342347321518844
            ],
            [
              -23.35641434836407,
              60.33880441838481
            ],
            [
              -19.65418749328296,
              60.078338646725435
            ],
            [
              -16.082491434185613,
              59.56507823859974
            ],
            [
              -12.727765805999866,
              58.81066975100667
            ],
            [
              -9.657617978879443,
              57.8329039363122
            ],
            [
              -6.917920607071437,
              56.653894115215515
            ],
            [
              -4.533609587907108,
              55.2982124867607
            ],
            [
              -2.5119676179122052,
              53.791287200951416
            ],
            [
              -0.8469815439406148,
              52.15820754840671
            ],
            [
              0.4763300759406093,
              50.42295064786182
            ],
            [
              1.478248846178417,
              48.607963205519994
            ],
            [
              2.1815721155440997,
              46.734003174501886
            ],
            [
              2.609682240602069,
              44.820150060274074
            ],
            [
              2.785321818376815,
              42.88391107298983
            ],
            [
              2.729898663244626,
              40.94137148473978
            ],
            [
              2.463161028385457,
              39.00735574438903
            ],
            [
              2.003116498529721,
              37.09557946875553
            ],
            [
              1.3661017745888557,
              35.21878166413483
            ],
            [
              0.5669389125982889,
              33.38883241360114
            ],
            [
              -0.3808650110202052,
              31.616814815964627
            ],
            [
              -1.464902701936353,
              29.91308201393931
            ],
            [
              -2.6736536143608873,
              28.28729130068726
            ],
            [
              -3.996284157463947,
              26.748417942535585
            ],
            [
              -5.422468038784814,
              25.30475174613317
            ],
            [
              -6.942231035367513,
              23.96387966777053
            ],
            [
              -8.545822819717728,
              22.732657974676812
            ],
            [
              -10.223617307822792,
              21.61717763763642
            ],
            [
              -11.966042049768475,
              20.62272674517056
            ],
            [
              -13.763536274833086,
              19.753753748813065
            ],
            [
              -15.60653624911322,
              19.013835238479032
            ],
            [
              -17.485485594802526,
              18.405651673474328
            ],
            [
              -19.39086720233115,
              17.93097403904454
            ],
            [
              -21.313252423098106,
              17.590663761485185
            ],
            [
              -23.243362461363176,
              17.3846874210773
            ],
            [
              -25.172136383465954,
              17.312146898299595
            ],
            [
              -27.090799999999945,
              17.371324639170588
            ],
            [
              -28.990930080888745,
              17.559742803510883
            ],
            [
              -30.86450891663162,
              17.874234237520586
            ],
            [
              -32.7039650791142,
              18.31102255023232
            ],
            [
              -34.502197266445535,
              18.865808113827917
            ],
            [
              -36.25257922499213,
              19.53385656859418
            ],
            [
              -37.948944815230334,
              20.310086388556858
            ],
            [
              -39.58555322949218,
              21.189152227010396
            ],
            [
              -41.15703510945883,
              22.165521070854087
            ],
            [
              -42.658320811634496,
              23.23353863956899
            ],
            [
              -44.08455232356209,
              24.38748391831671
            ],
            [
              -45.43098036232709,
              25.621610168617995
            ],
            [
              -46.69284803007133,
              26.93017117559203
            ],
            [
              -47.86526211276265,
              28.307431838251684
            ],
            [
              -48.943052752090466,
              29.747662468635628
            ],
            [
              -49.92062186926148,
              31.24511632492538
            ],
            [
              -50.79178046054233,
              32.79398995895834
            ],
            [
              -51.54957482835249,
              34.38836591254166
            ],
            [
              -52.18610211012623,
              36.02213716038549
            ],
            [
              -52.69231633814496,
              37.6889124919508
            ],
            [
              -53.057828027593814,
              39.38190178921553
            ],
            [
              -53.27070341712539,
              41.093779960754
            ],
            [
              -53.31727465079291,
              42.816528251580074
            ],
            [
              -53.18198032286796,
              44.54125195799803
            ],
            [
              -52.847268107221,
              46.25797455278343
            ],
            [
              -52.29360902520443,
              47.95541035910044
            ],
            [
              -51.49969742094379,
              49.62072192483252
            ],
            [
              -50.44294191068451,
              51.23927512563919
            ],
            [
              -49.10038738912709,
              52.79441592796641
            ],
            [
              -47.4502371638186,
              54.26730867201197
            ],
            [
              -45.474146994446016,
              55.636896671839345
            ],
            [
              -43.16040377987389,
              56.88006921069174
            ],
            [
              -40.507932958967444,
              57.97213695184146
            ],
            [
              -37.5307602932109,
              58.887715650181605
            ],
            [
              -34.262102268057674,
              59.602075354539856
            ],
            [
              -30.756816298528406,
              60.092912110055565
            ],
            [
              -27.090799999999945,
              60.342347321518844
            ]
          ]
        ]
      }
    },
    {
      "type": "Feature",
      "properties": {
        "icao": "LPLA",
        "name": "Lajes Field (Azores)",
        "aircraft": "B789",
        "timestamp": "2026-07-25T18:00:00Z"
      },
      "geometry": {
        "type": "Polygon",
        "coordinates": [
          [
            [
              -27.090799999999945,
              60.43228667131913
            ],
            [
              -23.327106413888146,
              60.443078343107224
            ],
            [
              -19.58876034355535,
              60.19363265141089
            ],
            [
              -15.97716642224509,
              59.68742013538247
            ],
            [
              -12.582016497803465,
              58.93577149816688
            ],
            [
              -9.473832931847937,
              57.95649888405721
            ],
            [
              -6.700692814050171,
              56.77201603102494
            ],
            [
              -4.288896250256357,
              55.40738952648009
            ],
            [
              -2.246319383091759,
              53.88865034171166
            ],
            [
              -0.566948936894164,
              52.24152961692433
            ],
            [
              0.7645888510515988,
              50.490637670583176
            ],
            [
              1.7691855945679436,
              48.65901789173509
            ],
            [
              2.4703381764214782,
              46.767975213513665
            ],
            [
              2.89213563303872,
              44.837082525722856
            ],
            [
              3.0579884241928994,
              42.88428793404532
            ],
            [
              2.989912813788237,
              40.9260683058241
            ],
            [
              2.708201418370777,
              38.97759390025913
            ],
            [
              2.2313464143168176,
              37.052883271561555
            ],
            [
              1.5761179880795453,
              35.164937393851375
            ],
            [
              0.7577306954453888,
              33.325848148556396
            ],
            [
              -0.20994701284678285,
              31.54688004073073
            ],
            [
              -1.3141689612017444,
              29.83852615992956
            ],
            [
              -2.543091331273331,
              28.21054060934098
            ],
            [
              -3.8855679904546605,
              26.67195031128829
            ],
            [
              -5.330968065507591,
              25.23104951215178
            ],
            [
              -6.869020048113157,
              23.895380594661976
            ],
            [
              -8.489684967683274,
              22.67170502217164
            ],
            [
              -10.183059919650532,
              21.565968398877896
            ],
            [
              -11.939312198514926,
              20.58326371187255
            ],
            [
              -13.748643282426656,
              19.727796789468925
            ],
            [
              -15.601280876361898,
              19.002857826807034
            ],
            [
              -17.48749614695771,
              18.41080246388109
            ],
            [
              -19.39764223301097,
              17.953045339710354
            ],
            [
              -21.322209184949998,
              17.630068299424096
            ],
            [
              -23.251889778370924,
              17.441444533746278
            ],
            [
              -25.177650252234343,
              17.385878940519017
            ],
            [
              -27.090799999999945,
              17.461263988970853
            ],
            [
              -28.9830546043396,
              17.664749418593445
            ],
            [
              -30.846587316042474,
              17.99282328942405
            ],
            [
              -32.67406505466039,
              18.441401277260038
            ],
            [
              -34.45866614216095,
              19.005920711021126
            ],
            [
              -36.19407815002677,
              19.681435689392963
            ],
            [
              -37.87447533087578,
              20.46270967469353
            ],
            [
              -39.49447602607762,
              21.344302208479764
            ],
            [
              -41.04908113055069,
              22.320646777806274
            ],
            [
              -42.53359512828604,
              23.386117329966055
            ],
            [
              -43.9435313913138,
              24.535081434965033
            ],
            [
              -45.274503389399456,
              25.76193858303533
            ],
            [
              -46.522103233216,
              27.06114254222563
            ],
            [
              -47.68176862602786,
              28.427207061352803
            ],
            [
              -48.74863889064562,
              29.854694468398677
            ],
            [
              -49.7174003390129,
              31.338186873744743
            ],
            [
              -50.58212094245357,
              32.8722397379806
            ],
            [
              -51.33607414489779,
              34.45131750786727
            ],
            [
              -51.971551882717336,
              36.069710870570276
            ],
            [
              -52.47966764244728,
              37.72143494448033
            ],
            [
              -52.850152013477214,
              39.40010745010967
            ],
            [
              -53.07114613988483,
              41.098805649964
            ],
            [
              -53.12900341768767,
              42.80990072238493
            ],
            [
              -53.00811766508065,
              44.524868428533274
            ],
            [
              -52.69080805800178,
              46.23407575178568
            ],
            [
              -52.157308841812096,
              47.92654512107058
            ],
            [
              -51.385936566250564,
              49.58970160347917
            ],
            [
              -50.35353973008222,
              51.20911508220031
            ],
            [
              -49.03637281124077,
              52.76826017128747
            ],
            [
              -47.41157005751131,
              54.248332635495366
            ],
            [
              -45.45940437034386,
              55.62818267232073
            ],
            [
              -43.16646741276713,
              56.88445034361928
            ],
            [
              -40.529747944348,
              57.99200944140026
            ],
            [
              -37.561268859440816,
              58.924828343868526
            ],
            [
              -34.29247437676554,
              59.657318223546596
            ],
            [
              -30.777069060326994,
              60.1661403284619
            ],
            [
              -27.090799999999945,
              60.43228667131913
            ]
          ]
        ]
      }
    },
    {
      "type": "Feature",
      "properties": {
        "icao": "LPLA",
        "name": "Lajes Field (Azores)",
        "aircraft": "B789",
        "timestamp": "2026-07-26T00:00:00Z"
      },
      "geometry": {
        "type": "Polygon",
        "coordinates": [
          [
            [
              -27.090799999999945,
              60.487249607308165
            ],
            [
              -23.30910323672822,
              60.50679811435756
            ],
            [
              -19.548550376877984,
              60.26407414755389
            ],
            [
              -15.912421713727667,
              59.762142860135064
            ],
            [
              -12.492426528997726,
              59.0121414349365
            ],
            [
              -9.36089553373256,
              58.03189791085589
            ],
            [
              -6.567269028425812,
              56.84401489256296
            ],
            [
              -4.138683616243725,
              55.47386732555533
            ],
            [
              -2.08337015138261,
              53.94786031439923
            ],
            [
              -0.395301235753891,
              52.29212154220614
            ],
            [
              0.9411523006714333,
              50.53165076810469
            ],
            [
              1.9472689981837448,
              48.68985675892896
            ],
            [
              2.6469842706194413,
              46.788378025452516
            ],
            [
              3.064826524014393,
              44.84708726776453
            ],
            [
              3.224618613758139,
              42.88419971274752
            ],
            [
              3.148750235524062,
              40.91642895119065
            ],
            [
              2.8578462940488407,
              38.959153984222546
            ],
            [
              2.37069337534183,
              37.02657610083157
            ],
            [
              1.7043240217037692,
              35.131854296421835
            ],
            [
              0.8741896950959926,
              33.28721432576305
            ],
            [
              -0.10562335297231584,
              31.504030315801625
            ],
            [
              -1.222164743808321,
              29.792880071437956
            ],
            [
              -2.463395685364503,
              28.16357644893347
            ],
            [
              -3.8179812172043057,
              26.625177877274442
            ],
            [
              -5.275106037460432,
              25.185981537407798
            ],
            [
              -6.824318187922131,
              23.853503003422244
            ],
            [
              -8.455403069158024,
              22.634446368898164
            ],
            [
              -10.158288957177888,
              21.534669034201226
            ],
            [
              -11.922984097420226,
              20.55914539366372
            ],
            [
              -13.739544391630147,
              19.711933597741908
            ],
            [
              -15.598069601097222,
              18.996149335507575
            ],
            [
              -17.488724876953484,
              18.41395015872178
            ],
            [
              -19.401783362049287,
              17.96653324113454
            ],
            [
              -21.327684688735303,
              17.65414865141572
            ],
            [
              -23.257103528897687,
              17.476129257264052
            ],
            [
              -25.18102202550085,
              17.430937336267668
            ],
            [
              -27.090799999999945,
              17.516226924959906
            ],
            [
              -28.978237289288302,
              17.728919973698332
            ],
            [
              -30.835623370393023,
              18.06529356574384
            ],
            [
              -32.655770489246095,
              18.521074860134558
            ],
            [
              -34.43202770315247,
              19.09154006053884
            ],
            [
              -36.158274449526004,
              19.77161360001131
            ],
            [
              -37.82889335210774,
              20.555963843433325
            ],
            [
              -39.43872288213015,
              21.43909190528123
            ],
            [
              -40.98299115118948,
              22.41541060861578
            ],
            [
              -42.457232505013394,
              23.47931111642527
            ],
            [
              -43.85718872323014,
              24.625215296043685
            ],
            [
              -45.17869654300267,
              25.847612385944018
            ],
            [
              -46.4175629622593,
              27.141078986026116
            ],
            [
              -47.56942939791435,
              28.500281761819277
            ],
            [
              -48.629625337472476,
              29.919962523086667
            ],
            [
              -49.59301169567044,
              31.394905498892406
            ],
            [
              -50.4538137489447,
              32.91988668099277
            ],
            [
              -51.205443368749286,
              34.48960504744247
            ],
            [
              -51.840310448645596,
              36.09859531663059
            ],
            [
              -52.349624123774106,
              37.7411216357926
            ],
            [
              -52.72318592152487,
              39.41105131024972
            ],
            [
              -52.949179817945776,
              41.10170739032541
            ],
            [
              -53.01396897857239,
              42.80569875858855
            ],
            [
              -52.90191668650459,
              44.51472648354151
            ],
            [
              -52.59526087434767,
              46.21936593021302
            ],
            [
              -52.07408931127645,
              47.90882592648585
            ],
            [
              -51.31648734146273,
              49.57068990873163
            ],
            [
              -50.29896273947634,
              51.19065044468161
            ],
            [
              -48.99729065973389,
              52.75225915229637
            ],
            [
              -47.3879576725659,
              54.23673008174092
            ],
            [
              -45.45039821628109,
              55.62285658050396
            ],
            [
              -43.17017366608701,
              56.88712755804868
            ],
            [
              -40.54309124525889,
              58.0041519012092
            ],
            [
              -37.57994528573829,
              58.94750478194023
            ],
            [
              -34.31108440928591,
              59.691074290255116
            ],
            [
              -30.78949024229661,
              60.210889380162556
            ],
            [
              -27.090799999999945,
              60.487249607308165
            ]
          ]
        ]
      }
    },
    {
      "type": "Feature",
      "properties": {
        "icao": "CYYT",
        "name": "St. John's",
        "aircraft": "B789",
        "timestamp": "2026-07-25T00:00:00Z"
      },
      "geometry": {
        "type": "Polygon",
        "coordinates": [
          [
            [
              -52.75189999999998,
              68.90924274994022
            ],
            [
              -47.68791096667775,
              68.87604356414666
            ],
            [
              -42.72085201369674,
              68.54567949279577
            ],
            [
              -38.03703946902192,
              67.9288973488909
            ],
            [
              -33.78159579747705,
              67.04801534920053
            ],
            [
              -30.045515944799718,
              65.9330650029053
            ],
            [
              -26.867680612836125,
              64.61766203616315
            ],
            [
              -24.2462291940152,
              63.135662738302656
            ],
            [
              -22.152617033991532,
              61.51900875079572
            ],
            [
              -20.543945482079835,
              59.7966575438042
            ],
            [
              -19.371888343072897,
              57.994281751902946
            ],
            [
              -18.588292967593475,
              56.13441676604947
            ],
            [
              -18.14823526950329,
              54.23681873772555
            ],
            [
              -18.011380858595658,
              52.318885812893036
            ],
            [
              -18.14233013391049,
              50.39606402165673
            ],
            [
              -18.510411172164027,
              48.48220261922583
            ],
            [
              -19.089209227853303,
              46.58984789242093
            ],
            [
              -19.8560000618711,
              44.73047649421825
            ],
            [
              -20.791177279358635,
              42.91467449709348
            ],
            [
              -21.877718075522807,
              41.15226989762562
            ],
            [
              -23.100706021127166,
              39.45242617711279
            ],
            [
              -24.446915848041726,
              37.82370374988378
            ],
            [
              -25.904458515344686,
              36.27409522055791
            ],
            [
              -27.462482025505324,
              34.81103955026344
            ],
            [
              -29.110922672386778,
              33.44141957952833
            ],
            [
              -30.840301574727334,
              32.17154687840625
            ],
            [
              -32.64156188258687,
              31.00713756346299
            ],
            [
              -34.50594261534616,
              29.9532824922588
            ],
            [
              -36.42488553432338,
              29.01441506981634
            ],
            [
              -38.389971703564186,
              28.194279730502085
            ],
            [
              -40.39288444181216,
              27.495903950768348
            ],
            [
              -42.42539524900366,
              26.92157637067027
            ],
            [
              -44.47936905862417,
              26.472833234722906
            ],
            [
              -46.54678489310845,
              26.150454899638067
            ],
            [
              -48.61976775620377,
              25.95447360696065
            ],
            [
              -50.690627449542774,
              25.88419310568869
            ],
            [
              -52.75189999999998,
              25.938220067591963
            ],
            [
              -54.79638755626445,
              26.114506606482408
            ],
            [
              -56.81719295802151,
              26.410402633382812
            ],
            [
              -58.80774567471332,
              26.822716289077597
            ],
            [
              -60.76181640818561,
              27.347780321440645
            ],
            [
              -62.673518296765735,
              27.981522032577555
            ],
            [
              -64.53729328516079,
              28.71953431230953
            ],
            [
              -66.34788277633902,
              29.55714528957021
            ],
            [
              -68.10028210945882,
              30.48948425151107
            ],
            [
              -69.78967867659367,
              31.511541674281528
            ],
            [
              -71.41137357942574,
              32.61822144886545
            ],
            [
              -72.96068662703715,
              33.80438363885529
            ],
            [
              -74.43284418912816,
              35.06487634517577
            ],
            [
              -75.82284895382594,
              36.39455544894745
            ],
            [
              -77.12533000836379,
              37.78829113434734
            ],
            [
              -78.33437088093558,
              39.2409601372472
            ],
            [
              -79.44331227701849,
              40.747422602430895
            ],
            [
              -80.44452525439937,
              42.30248224175174
            ],
            [
              -81.32914958530682,
              43.90082814553226
            ],
            [
              -82.08679120063778,
              45.53695608590784
            ],
            [
              -82.70517218432838,
              47.20506644011029
            ],
            [
              -83.16972731265315,
              48.89893493755206
            ],
            [
              -83.46314356643575,
              50.611751304063354
            ],
            [
              -83.56484506073866,
              52.335919604055725
            ],
            [
              -83.45043830486674,
              54.062812854948135
            ],
            [
              -83.09115636083379,
              55.78247374500234
            ],
            [
              -82.45338274337132,
              57.48325393414308
            ],
            [
              -81.49840754037774,
              59.15138820504372
            ],
            [
              -80.18268244981283,
              60.770509784390065
            ],
            [
              -78.4590085426504,
              62.321134574425564
            ],
            [
              -76.27930160554365,
              63.780182024871834
            ],
            [
              -73.59976956582307,
              65.12066634635595
            ],
            [
              -70.38932092146132,
              66.31178425389308
            ],
            [
              -66.64144607413596,
              67.319721820494
            ],
            [
              -62.38823412133746,
              68.1095339229597
            ],
            [
              -57.71254998484028,
              68.64829222160039
            ],
            [
              -52.75189999999998,
              68.90924274994022
            ]
          ]
        ]
      }
    },
    {
      "type": "Feature",
      "properties": {
        "icao": "CYYT",
        "name": "St. John's",
        "aircraft": "B789",
        "timestamp": "2026-07-25T06:00:00Z"
      },
      "geometry": {
        "type": "Polygon",
        "coordinates": [
          [
            [
              -52.75189999999998,
              68.98918883865157
            ],
            [
              -47.645008212153186,
              68.96922316885048
            ],
            [
              -42.6257221145936,
              68.648192778771
            ],
            [
              -37.88659860413196,
              68.03616621228558
            ],
            [
              -33.578716380616584,
              67.15533969495152
            ],
            [
              -29.797418012417495,
              66.03608722122651
            ],
            [
              -26.58389141000862,
              64.71265866217406
            ],
            [
              -23.936837355033276,
              63.21966673816951
            ],
            [
              -21.827122876188696,
              61.589812165967075
            ],
            [
              -20.21067792864926,
              59.85274996492385
            ],
            [
              -19.037821662252213,
              58.03476537842002
            ],
            [
              -18.25909222686755,
              56.158921111592925
            ],
            [
              -17.828406158289,
              54.24542496496822
            ],
            [
              -17.704449365693563,
              52.31206312971359
            ],
            [
              -17.8510139787071,
              50.37461701060219
            ],
            [
              -18.23676705549292,
              48.447227108240845
            ],
            [
              -18.83475183875771,
              46.542692828455756
            ],
            [
              -19.621794382322264,
              44.67270958736586
            ],
            [
              -20.57790792842627,
              42.84804983674501
            ],
            [
              -21.68573995674069,
              41.07869616836484
            ],
            [
              -22.930080329533325,
              39.37393447811071
            ],
            [
              -24.297435034699106,
              37.7424143449375
            ],
            [
              -25.775663315548627,
              36.192182828059146
            ],
            [
              -27.353673215848403,
              34.730697036543795
            ],
            [
              -29.021169848775116,
              33.364820155243414
            ],
            [
              -30.76845092616759,
              32.10080512091855
            ],
            [
              -32.58624465124126,
              30.944269798328772
            ],
            [
              -34.465585658410134,
              29.900167258958486
            ],
            [
              -36.39772511867409,
              28.972754562159583
            ],
            [
              -38.374071358360766,
              28.165563229853788
            ],
            [
              -40.38615736477993,
              27.48137434912083
            ],
            [
              -42.42563141566882,
              26.922200900890083
            ],
            [
              -44.48426683503595,
              26.489279480672344
            ],
            [
              -46.55398662217402,
              26.183073047845184
            ],
            [
              -48.626898498768185,
              26.00328572837232
            ],
            [
              -50.69533583561821,
              25.948890030848407
            ],
            [
              -52.75189999999998,
              26.018166156303305
            ],
            [
              -54.78949992588235,
              26.208752431873638
            ],
            [
              -56.80138514338603,
              26.51770531963652
            ],
            [
              -58.78116907741946,
              26.941566980175804
            ],
            [
              -60.72284008601588,
              27.476438030289952
            ],
            [
              -62.62075839395561,
              28.118052936600737
            ],
            [
              -64.469637723027,
              28.86185542882016
            ],
            [
              -66.2645109697001,
              29.70307138299874
            ],
            [
              -68.0006796892427,
              30.63677679187896
            ],
            [
              -69.67364738239166,
              31.65795867651795
            ],
            [
              -71.2790366311632,
              32.761567068487025
            ],
            [
              -72.81248999091827,
              33.942556473791704
            ],
            [
              -74.26955422160097,
              35.19591548938677
            ],
            [
              -75.64554694217281,
              36.516683455382314
            ],
            [
              -76.9354041309623,
              37.89995316851146
            ],
            [
              -78.13350608509882,
              39.34085873506401
            ],
            [
              -79.23347851377048,
              40.83454758480775
            ],
            [
              -80.22796440651564,
              42.37613548090205
            ],
            [
              -81.10836125591385,
              43.960643021517576
            ],
            [
              -81.86451725804818,
              45.58291161106522
            ],
            [
              -82.48437952635106,
              47.23749615581764
            ],
            [
              -82.95358763098284,
              48.91853078865768
            ],
            [
              -83.25500782564222,
              50.61956274925098
            ],
            [
              -83.3682087651211,
              52.333348189817805
            ],
            [
              -83.26889114947596,
              54.05160230965395
            ],
            [
              -82.92830623340757,
              55.76469524809862
            ],
            [
              -82.3127389695295,
              57.4612854478843
            ],
            [
              -81.38320172816236,
              59.12788543026898
            ],
            [
              -80.09559816415742,
              60.7483641831995
            ],
            [
              -78.40178636576371,
              62.30341080088408
            ],
            [
              -76.25219130444873,
              63.7700231355198
            ],
            [
              -73.60083035189939,
              65.12115133575607
            ],
            [
              -70.41364481782699,
              66.32572167510298
            ],
            [
              -66.68051303528034,
              67.34937120964858
            ],
            [
              -62.42977390982577,
              68.1562708564549
            ],
            [
              -57.741365662679186,
              68.71227556328323
            ],
            [
              -52.75189999999998,
              68.98918883865157
            ]
          ]
        ]
      }
    },
    {
      "type": "Feature",
      "properties": {
        "icao": "CYYT",
        "name": "St. John's",
        "aircraft": "B789",
        "timestamp": "2026-07-25T12:00:00Z"
      },
      "geometry": {
        "type": "Polygon",
        "coordinates": [
          [
            [
              -52.75189999999998,
              69.09411808008522
            ],
            [
              -47.58867175815345,
              69.09037735443394
            ],
            [
              -42.5015702041801,
              68.78050411693646
            ],
            [
              -37.69129878398945,
              68.17374868218008
            ],
            [
              -33.31662807939506,
              67.29221079935755
            ],
            [
              -29.478406615209508,
              66.16676209502332
            ],
            [
              -26.22061490980559,
              64.83251216456438
            ],
            [
              -23.542469633736573,
              63.32507246215019
            ],
            [
              -21.41389442528282,
              61.67812769978834
            ],
            [
              -19.78917183223905,
              59.92222315078993
            ],
            [
              -18.616788450096124,
              58.084414999519474
            ],
            [
              -17.845551356203487,
              56.18842118365414
            ],
            [
              -17.42787030035106,
              54.25500445349108
            ],
            [
              -17.321176345530034,
              52.30242322539311
            ],
            [
              -17.488239734510444,
              50.34686374769974
            ],
            [
              -17.896901633192897,
              48.40281573126818
            ],
            [
              -18.51953524862506,
              46.48338031746623
            ],
            [
              -19.33241578886475,
              44.60051227712446
            ],
            [
              -20.315093988969124,
              42.76520370512022
            ],
            [
              -21.449818436304668,
              40.98761796596554
            ],
            [
              -22.721024606441915,
              39.27718238244689
            ],
            [
              -24.114894360094468,
              37.64264725380735
            ],
            [
              -25.618982955238835,
              36.09211777861132
            ],
            [
              -27.221907971425708,
              34.63306456868986
            ],
            [
              -28.913093934553387,
              33.27231774525083
            ],
            [
              -30.682566743854977,
              32.01604910011991
            ],
            [
              -32.52079262005674,
              30.869746442627868
            ],
            [
              -34.41855689087845,
              29.838183980555524
            ],
            [
              -36.36687835571644,
              28.925392344294988
            ],
            [
              -38.356955176635495,
              28.134631604386495
            ],
            [
              -40.38013824195781,
              27.4683703112157
            ],
            [
              -42.427927794953916,
              26.92827317316288
            ],
            [
              -44.49198888846644,
              26.5151994737338
            ],
            [
              -46.56418099957767,
              26.22921371473562
            ],
            [
              -48.63659699455707,
              26.069609283741453
            ],
            [
              -50.70160663513457,
              26.03494521594531
            ],
            [
              -52.75189999999998,
              26.12309539773695
            ],
            [
              -54.78052656872666,
              26.33130888904394
            ],
            [
              -56.78092625863178,
              26.656279466807575
            ],
            [
              -58.74694937379951,
              27.09422204641749
            ],
            [
              -60.67286315880199,
              27.6409533416807
            ],
            [
              -62.553343380261026,
              28.291973982157714
            ],
            [
              -64.3834500229126,
              29.042549310438222
            ],
            [
              -66.15858672923156,
              29.887786210435106
            ],
            [
              -67.87444399375431,
              30.822703542294043
            ],
            [
              -69.52692632186552,
              31.842294047215937
            ],
            [
              -71.11206356930347,
              32.9415759030095
            ],
            [
              -72.62590649519854,
              34.11563242725641
            ],
            [
              -74.06440619685736,
              35.35963871185213
            ],
            [
              -75.4232765599869,
              36.66887420648682
            ],
            [
              -76.69783816462058,
              38.03872042860016
            ],
            [
              -77.88284124509357,
              39.46464304447027
            ],
            [
              -78.9722643250928,
              40.942157521314876
            ],
            [
              -79.95908406068617,
              42.466777372626346
            ],
            [
              -80.83501067917092,
              44.03394368404166
            ],
            [
              -81.59018231548208,
              45.63893408645137
            ],
            [
              -82.2128107569904,
              47.27674860571518
            ],
            [
              -82.68877107027578,
              48.94196883599386
            ],
            [
              -83.00112915570526,
              50.62858564443986
            ],
            [
              -83.12960600462497,
              52.32978915300629
            ],
            [
              -83.04998803462644,
              54.037713199223965
            ],
            [
              -82.7335139585062,
              55.74312521663937
            ],
            [
              -82.14630768371336,
              57.43505230238078
            ],
            [
              -81.24899508282465,
              59.10033677522559
            ],
            [
              -79.99675530396553,
              60.72312279930786
            ],
            [
              -78.34022973342633,
              62.28429484822078
            ],
            [
              -76.22794455788227,
              63.760926780465525
            ],
            [
              -73.61114636919899,
              65.12586648555634
            ],
            [
              -70.4520356607756,
              66.34768021977517
            ],
            [
              -66.73594247214487,
              67.39129669738988
            ],
            [
              -62.48648829132446,
              68.21975853511728
            ],
            [
              -57.77995125422126,
              68.79737417621155
            ],
            [
              -52.75189999999998,
              69.09411808008522
            ]
          ]
        ]
      }
    },
    {
      "type": "Feature",
      "properties": {
        "icao": "CYYT",
        "name": "St. John's",
        "aircraft": "B789",
        "timestamp": "2026-07-25T18:00:00Z"
      },
      "geometry": {
        "type": "Polygon",
        "coordinates": [
          [
            [
              -52.75189999999998,
              69.20404395206332
            ],
            [
              -47.529386305102946,
              69.21642180379177
            ],
            [
              -42.371482809582574,
              68.9173765820957
            ],
            [
              -37.487478819896864,
              68.31535325765782
            ],
            [
              -33.04418661014421,
              67.43240391879966
            ],
            [
              -29.148108775786284,
              66.29996862974384
            ],
            [
              -25.845964873828507,
              64.95409002991158
            ],
            [
              -23.137308474440374,
              63.43143939470698
            ],
            [
              -20.990901960822498,
              61.766728073922785
            ],
            [
              -19.359181966810183,
              59.991416282215624
            ],
            [
              -18.188648529348825,
              58.133341590487674
            ],
            [
              -17.42627107864928,
              56.21687770197777
            ],
            [
              -17.02288597843517,
              54.26333662458491
            ],
            [
              -16.934632611846496,
              52.29143979186693
            ],
            [
              -17.1232429192047,
              50.31776739498806
            ],
            [
              -17.555728855616508,
              48.35714691430042
            ],
            [
              -18.203798098518405,
              46.42296993454861
            ],
            [
              -19.043183737533923,
              44.5274398191451
            ],
            [
              -20.052984578671726,
              42.68175825601094
            ],
            [
              -21.215061240004957,
              40.89626009747495
            ],
            [
              -22.513505162816955,
              39.180505543162134
            ],
            [
              -23.93418334661567,
              37.54333771429334
            ],
            [
              -25.464354999511784,
              35.99291258823164
            ],
            [
              -27.092353785140062,
              34.536707329278585
            ],
            [
              -28.80732887779027,
              33.18151232886144
            ],
            [
              -30.599038453632943,
              31.933411740381167
            ],
            [
              -32.45768992292341,
              30.797756911368992
            ],
            [
              -34.37382182674099,
              29.779136816076694
            ],
            [
              -36.338222740690924,
              28.88134931280597
            ],
            [
              -38.34188271099839,
              28.1073767370498
            ],
            [
              -40.37597272342714,
              27.459368951413996
            ],
            [
              -42.43184753839688,
              26.938636480455617
            ],
            [
              -44.50106700192157,
              26.54565575618698
            ],
            [
              -46.575430750747955,
              26.280087800639105
            ],
            [
              -48.64702115066598,
              26.140810905613108
            ],
            [
              -50.70824939750321,
              26.125967079772536
            ],
            [
              -52.75189999999998,
              26.233021269715046
            ],
            [
              -54.771169349919376,
              26.45883167467048
            ],
            [
              -56.75969473506018,
              26.799728907138643
            ],
            [
              -58.71157091011355,
              27.251601334921357
            ],
            [
              -60.621352140206,
              27.809983688951853
            ],
            [
              -62.4840384017146,
              28.4701459353375
            ],
            [
              -64.29504510076583,
              29.22717947402642
            ],
            [
              -66.05015620178301,
              30.076077914512414
            ],
            [
              -67.74546101359817,
              31.011809958405575
            ],
            [
              -69.37727504289319,
              32.02938225449694
            ],
            [
              -70.94204529185731,
              33.123890450143776
            ],
            [
              -72.43624015602893,
              34.29055701270347
            ],
            [
              -73.85622368076952,
              35.52475470991743
            ],
            [
              -75.19811337216481,
              36.82201489619612
            ],
            [
              -76.45762003917616,
              38.17801993318083
            ],
            [
              -77.62986727449538,
              39.58857915940695
            ],
            [
              -78.70918716808256,
              41.04958779617284
            ],
            [
              -79.68888770501218,
              42.55696801283063
            ],
            [
              -80.56098606912826,
              44.106591048268776
            ],
            [
              -81.31590085425341,
              45.69417876483551
            ],
            [
              -81.9420951862599,
              47.31518226075848
            ],
            [
              -82.42566240419421,
              48.96463415227646
            ],
            [
              -82.74984704075757,
              50.636969835125804
            ],
            [
              -82.8944978585875,
              52.32581146489885
            ],
            [
              -82.83545926859307,
              54.0237066725917
            ],
            [
              -82.54392711223704,
              55.721812480937075
            ],
            [
              -81.98583202443945,
              57.409514257192185
            ],
            [
              -81.12138004717605,
              59.073971378011386
            ],
            [
              -79.90499204208055,
              60.699588555974685
            ],
            [
              -78.28605847193876,
              62.267429707630484
            ],
            [
              -76.21117045531958,
              63.754628032367194
            ],
            [
              -73.62876091461891,
              65.13391207428457
            ],
            [
              -70.49723204379882,
              66.37347010342232
            ],
            [
              -66.7972854196671,
              67.43750179916657
            ],
            [
              -62.54772571277067,
              68.2878947399136
            ],
            [
              -57.82108677782759,
              68.8873749404431
            ],
            [
              -52.75189999999998,
              69.20404395206332
            ]
          ]
        ]
      }
    },
    {
      "type": "Feature",
      "properties": {
        "icao": "CYYT",
        "name": "St. John's",
        "aircraft": "B789",
        "timestamp": "2026-07-26T00:00:00Z"
      },
      "geometry": {
        "type": "Polygon",
        "coordinates": [
          [
            [
              -52.75189999999998,
              69.28898667131912
            ],
            [
              -47.48258013396327,
              69.31489877501727
            ],
            [
              -42.26783430060988,
              69.02516020436715
            ],
            [
              -37.323991720721324,
              68.42750032274608
            ],
            [
              -32.8245872366366,
              67.54388579149114
            ],
            [
              -28.88092134042489,
              66.40619254884095
            ],
            [
              -25.54208727018613,
              65.05121230774802
            ],
            [
              -22.80799148460278,
              63.51647795213284
            ],
            [
              -20.64648231074068,
              61.83753889913103
            ],
            [
              -19.00850072988544,
              60.046602799815616
            ],
            [
              -17.83892845717662,
              58.172145165884594
            ],
            [
              -17.08323763500266,
              56.239074638245214
            ],
            [
              -16.69098499598556,
              54.26915114891934
            ],
            [
              -16.61726232237811,
              52.2814740164739
            ],
            [
              -16.822962186997984,
              50.2929456443227
            ],
            [
              -17.274428481280665,
              48.31867083795315
            ],
            [
              -17.942834406860356,
              46.372281006723625
            ],
            [
              -18.803478813815786,
              44.466186396811864
            ],
            [
              -19.835099043196124,
              42.61176498948036
            ],
            [
              -21.019245362864808,
              40.81949803879449
            ],
            [
              -22.339733444737817,
              39.09906175663921
            ],
            [
              -23.78217690238523,
              37.459383573851746
            ],
            [
              -25.33359536681121,
              35.908670271383215
            ],
            [
              -26.982091195415705,
              34.45441430789544
            ],
            [
              -28.716587557801972,
              33.103383926648185
            ],
            [
              -30.526621144082753,
              31.861602082410183
            ],
            [
              -32.40218346707019,
              30.73431883164669
            ],
            [
              -34.33360536443445,
              29.72598150839242
            ],
            [
              -36.311479717948544,
              28.84020669743899
            ],
            [
              -38.326617569247674,
              28.07975765852478
            ],
            [
              -40.370032764597454,
              27.44653040786032
            ],
            [
              -42.43295008173931,
              26.941551103255428
            ],
            [
              -44.506831573905515,
              26.56498670410471
            ],
            [
              -46.5834157038895,
              26.31617010613871
            ],
            [
              -48.65476381481079,
              26.19364011971738
            ],
            [
              -50.71330864856799,
              26.195195818679128
            ],
            [
              -52.75189999999998,
              26.31796398897085
            ],
            [
              -54.763843172465556,
              26.558477704769878
            ],
            [
              -56.74292663679398,
              26.912763497496627
            ],
            [
              -58.68343612671947,
              27.376434188377
            ],
            [
              -60.580153255946186,
              27.944784239303658
            ],
            [
              -62.42833754181896,
              28.612884434044073
            ],
            [
              -64.22369140553599,
              29.375672812461048
            ],
            [
              -65.96230824275415,
              30.228039014351626
            ],
            [
              -67.64060399375074,
              31.164899511381435
            ],
            [
              -69.25523277867961,
              32.18126157895827
            ],
            [
              -70.8029871037179,
              33.27227425057173
            ],
            [
              -72.280682898728,
              34.43326487513842
            ],
            [
              -73.68502922954434,
              35.65976023796099
            ],
            [
              -75.01248194924972,
              36.947491486820375
            ],
            [
              -76.25907981935637,
              38.29238230780236
            ],
            [
              -77.42026074550472,
              39.69051990260958
            ],
            [
              -78.49065473372951,
              41.13810831065198
            ],
            [
              -79.46384899017346,
              42.63140347191779
            ],
            [
              -80.33211929043,
              44.1666291121299
            ],
            [
              -81.08612041885408,
              45.73987201570759
            ],
            [
              -81.71452731446652,
              47.34695449521764
            ],
            [
              -82.20361795179315,
              48.98328082805773
            ],
            [
              -82.5367896942962,
              50.64365308210764
            ],
            [
              -82.69400430342102,
              52.32205009785893
            ],
            [
              -82.65116552301981,
              54.011361530833284
            ],
            [
              -82.37945164422177,
              55.70306707929951
            ],
            [
              -81.84466116218579,
              57.38685002999204
            ],
            [
              -81.00669438411046,
              59.050135535412466
            ],
            [
              -79.8194045678826,
              60.67755049211992
            ],
            [
              -78.23122852885172,
              62.25031874057116
            ],
            [
              -76.1872590720426,
              63.745640976787456
            ],
            [
              -73.63371686430008,
              65.13617449434186
            ],
            [
              -70.52596741917574,
              66.38983268512028
            ],
            [
              -66.84093788058601,
              67.4702589716474
            ],
            [
              -62.59339910314884,
              68.33843536908994
            ],
            [
              -57.85259818328922,
              68.95582056905141
            ],
            [
              -52.75189999999998,
              69.28898667131912
            ]
          ]
        ]
      }
    }
  ]
}